battery,blue,speed,dual_sim,fcamera,g4,memory,pdepth,pweight,cores,pcamera,px_height,px_width,sheight,swidth,talk_time,g3,touch_screen,wifi,price_range
842,0,2.2,0,1,0,7,0.6,188,2,2,20,756,9,7,19,0,0,1,1
1021,1,0.5,1,0,1,53,0.7,136,3,6,905,1988,17,3,7,1,1,0,2
563,1,0.5,1,2,1,41,0.9,145,5,6,1263,1716,11,2,9,1,1,0,2
615,1,2.5,0,0,0,10,0.8,131,6,9,1216,1786,16,8,11,1,0,0,2
1821,1,1.2,0,13,1,44,0.6,141,2,14,1208,1212,8,2,15,1,1,0,1
1859,0,0.5,1,3,0,22,0.7,164,1,7,1004,1654,17,1,10,1,0,0,1
1821,0,1.7,0,4,1,10,0.8,139,8,10,381,1018,13,8,18,1,0,1,3
1954,0,0.5,1,0,0,24,0.8,187,4,0,512,1149,16,3,5,1,1,1,0
1445,1,0.5,0,0,0,53,0.7,174,7,14,386,836,17,1,20,1,0,0,0
509,1,0.6,1,2,1,9,0.1,93,5,15,1137,1224,19,10,12,1,0,0,0
769,1,2.9,1,0,0,9,0.1,182,5,1,248,874,5,2,7,0,0,0,3
1520,1,2.2,0,5,1,33,0.5,177,8,18,151,1005,14,9,13,1,1,1,3
1815,0,2.8,0,2,0,33,0.6,159,4,17,607,748,18,0,2,1,0,0,1
803,1,2.1,0,7,0,17,1,198,4,11,344,1440,7,1,4,1,0,1,2
1866,0,0.5,0,13,1,52,0.7,185,1,17,356,563,14,9,3,1,0,1,0
775,0,1,0,3,0,46,0.7,159,2,16,862,1864,17,15,11,1,1,1,0
838,0,0.5,0,1,1,13,0.1,196,8,4,984,1850,10,9,19,1,0,1,3
595,0,0.9,1,7,1,23,0.1,121,3,17,441,810,10,2,18,1,1,0,3
1131,1,0.5,1,11,0,49,0.6,101,5,18,658,878,19,13,16,1,1,0,1
1347,0,2.9,0,5,0,44,0.6,132,1,14,434,967,18,2,11,1,0,1,2
1646,1,2.3,0,8,1,41,0.2,185,2,10,1725,1932,18,10,19,1,1,0,3
1253,1,0.5,1,5,1,5,0.2,152,2,19,685,714,15,0,4,1,1,0,1
1656,0,1,0,5,1,34,0.1,166,3,7,880,1456,15,12,14,1,1,0,1
1195,1,2.8,0,1,1,20,0.8,110,2,14,1580,1652,9,3,12,1,1,0,0
1514,0,2.9,0,0,0,27,0.2,118,3,1,186,1810,8,3,20,0,1,1,1
1723,1,1.1,1,1,0,42,1,164,8,14,202,1791,10,5,3,1,0,0,3
1054,1,1.8,1,3,1,40,0.8,196,7,10,27,774,16,12,12,1,0,1,1
578,1,2.6,1,2,1,57,0.2,162,8,8,1025,1433,15,3,5,1,0,1,0
596,0,2.1,1,9,0,64,0.8,111,8,15,885,1854,16,13,10,0,0,0,3
1547,1,3,1,2,1,14,0.7,198,3,19,1042,1832,5,0,15,1,0,1,2
1760,0,1.4,1,5,0,63,0.8,127,8,19,1382,1383,19,12,16,0,1,0,2
1654,1,1.5,1,0,1,43,0.3,109,2,0,546,629,12,5,10,1,1,0,3
1457,0,1.9,1,1,1,16,0.3,102,3,10,1013,1287,17,8,12,1,0,1,1
1073,1,0.5,1,0,0,51,0.5,145,7,0,690,804,6,0,18,0,1,0,2
1936,0,2.1,1,10,1,46,0.6,104,3,20,667,1036,14,7,13,1,0,0,2
823,1,2.7,1,13,0,60,0.5,148,8,19,822,1449,14,11,17,1,1,1,0
987,0,1.3,1,0,1,61,0.4,107,3,9,581,820,9,4,20,1,0,1,3
1757,0,0.5,0,8,0,49,0.5,180,6,14,265,713,7,5,4,0,0,0,1
1063,0,1.4,1,2,1,48,1,128,5,4,127,683,15,13,9,1,1,1,2
1484,0,3,0,3,0,12,0.6,134,3,5,916,969,14,4,20,1,1,0,1
799,1,2.3,0,1,1,63,0.8,144,8,6,361,975,15,6,6,1,1,1,0
1156,1,1.2,1,0,1,50,0.8,159,2,0,322,547,7,0,15,1,1,0,0
1720,0,2,0,15,1,55,0.5,168,2,18,753,1353,14,2,5,1,1,1,2
702,0,2.6,1,2,1,9,0.7,141,3,3,504,1570,10,4,19,1,0,0,2
616,0,1.9,1,13,1,44,0.8,81,3,17,651,1618,18,8,13,1,1,0,3
1358,1,0.5,0,11,1,36,0.3,155,4,14,1565,1858,9,4,4,1,1,0,3
1866,0,1.4,0,0,0,30,0.5,182,3,0,108,1781,16,11,8,0,0,0,3
1242,0,1.1,1,0,0,10,0.6,165,2,1,459,1225,11,1,4,1,0,1,0
1166,0,1.5,1,0,1,43,0.8,80,4,1,205,603,7,1,7,1,1,0,3
1448,1,0.5,1,6,1,45,0.8,138,7,11,570,1724,13,11,2,1,1,1,3
1407,1,2.4,0,1,1,22,0.7,104,4,4,1172,1217,9,7,13,1,0,1,2
605,0,1,0,8,1,9,0.1,142,3,16,160,1026,15,6,4,1,0,0,0
1038,0,1.2,0,3,0,43,0.7,141,1,5,4,638,11,0,12,1,1,1,3
797,1,2.9,1,4,0,38,0.5,90,4,6,763,1413,9,2,6,0,1,0,0
819,0,0.6,1,8,1,42,0.9,188,6,20,339,1242,5,4,13,1,0,1,1
1114,0,2.8,0,4,1,9,0.4,197,3,15,1040,1071,10,7,17,1,1,0,0
1234,1,1.6,1,1,0,33,0.6,172,1,3,166,778,11,7,6,0,0,1,0
1199,1,2.5,1,15,1,16,0.2,116,4,20,1168,1552,17,13,10,1,0,1,3
1103,0,1,1,6,0,29,0.7,111,6,8,990,1486,8,7,16,0,1,1,1
1589,1,0.6,1,0,1,58,0.9,85,7,7,319,1206,19,10,6,1,1,1,3
999,0,2.9,1,11,1,64,0.2,199,4,19,1397,1616,14,11,16,1,1,0,2
1510,1,0.9,1,2,0,45,0.9,180,5,3,708,1752,9,6,11,0,1,1,3
1008,0,0.8,0,11,0,61,1,114,3,15,1077,1122,10,3,11,1,0,0,1
1127,1,2.9,1,5,1,57,0.8,163,1,13,928,1049,11,5,17,1,1,1,1
1412,1,2.4,0,5,0,25,0.8,96,8,17,516,1894,15,9,4,0,0,1,1
1496,1,2,1,4,0,42,0.5,182,5,5,96,741,16,0,7,0,1,1,0
1083,1,2.9,1,1,1,64,0.8,178,3,11,1025,1118,13,3,4,1,0,0,3
668,0,0.5,1,0,0,3,0.1,155,5,13,666,1203,9,5,8,1,1,1,2
1309,0,1.1,1,0,0,33,0.5,100,4,14,557,1402,10,1,11,1,0,1,2
1724,0,2,1,2,1,57,0.5,177,3,5,1605,1924,19,3,16,1,1,0,3
1977,1,2,1,7,1,54,1,171,7,18,1226,1242,18,7,14,1,1,0,2
885,0,2.3,1,0,1,15,0.4,103,7,0,769,802,16,10,5,1,1,1,0
879,1,2.5,0,11,1,14,0.7,83,6,15,403,1105,16,10,2,1,0,1,0
1322,0,1.7,1,6,0,7,0.8,140,3,9,177,1990,19,17,12,0,1,0,1
1137,1,1,0,18,0,7,1,196,3,19,942,1179,13,5,12,1,1,1,3
1355,0,2.3,0,10,1,23,0.2,132,5,16,651,891,19,4,8,1,1,0,0
1665,1,0.5,0,3,1,60,0.2,194,6,18,1572,1684,18,17,14,1,0,0,2
657,0,2.5,0,0,0,37,0.7,141,2,1,476,961,14,3,18,0,1,0,0
593,0,0.5,0,6,0,31,0.4,156,7,7,1233,1317,6,2,7,1,0,0,1
1753,0,0.5,1,0,1,31,0.1,134,1,18,1590,1926,17,0,17,1,0,1,2
1218,0,1.8,1,1,1,14,0.5,147,3,4,229,616,17,0,5,1,0,0,0
1537,1,2.5,0,4,1,43,0.3,137,1,5,839,1131,18,17,17,1,1,1,3
786,0,2.2,1,0,0,33,0.5,141,7,6,507,1697,12,11,5,1,0,1,2
1678,0,2.1,0,3,1,64,0.9,134,3,11,436,536,19,0,10,1,1,0,0
1814,0,1.4,1,1,1,9,0.4,141,2,2,756,786,18,12,16,1,0,0,3
1101,0,1.8,0,0,0,31,0.2,148,2,7,387,1269,12,6,19,0,1,1,1
1461,0,2.4,1,3,1,40,0.5,141,7,4,1265,1298,16,1,4,1,0,0,3
1216,0,3,0,4,0,47,0.4,199,3,7,1852,1967,13,5,4,0,1,1,2
506,0,1.6,0,6,1,41,0.8,159,1,7,875,1025,13,10,15,1,0,0,2
843,1,0.5,0,1,1,56,0.1,147,5,17,140,800,10,1,20,1,1,1,1
742,0,2.2,1,4,0,56,0.2,190,7,14,577,1359,16,11,12,0,1,1,3
1692,1,2.1,0,3,1,61,0.9,176,6,12,975,1996,16,7,19,1,0,0,1
1485,0,1,0,2,1,32,0.7,84,2,9,510,1013,19,1,11,1,1,0,2
1547,0,2.9,1,6,0,45,0.7,166,2,8,583,590,12,2,3,0,1,1,0
1692,0,2.3,1,4,1,46,0.9,139,1,6,674,1925,16,10,6,1,1,0,1
637,0,2.3,0,3,1,60,0.8,97,4,4,1125,1989,18,4,8,1,0,1,0
1224,0,0.5,0,16,1,6,0.4,109,6,18,747,826,10,0,11,1,1,1,0
1356,0,2.8,0,0,0,29,0.5,198,6,0,1612,1983,17,0,19,0,0,0,3
1840,0,0.5,1,12,0,34,0.7,142,1,16,311,1545,8,0,10,0,0,0,1
1481,1,0.7,1,4,1,37,0.6,96,5,13,116,1533,10,5,16,1,1,1,2
961,1,1.5,1,10,0,51,0.3,152,6,16,554,621,15,6,7,1,1,1,2
1296,0,0.9,1,0,1,14,0.5,124,5,3,811,1272,7,1,4,1,1,1,0
1193,0,0.9,0,11,0,26,0.5,166,1,20,730,1729,17,14,4,1,0,1,0
1441,0,2.1,1,11,1,3,0.1,118,8,17,577,1071,16,4,7,1,0,1,2
517,0,1.4,1,3,1,33,0.8,183,4,8,660,974,17,16,11,1,0,1,3
748,1,1.7,0,0,1,27,0.9,150,8,4,450,1554,18,9,7,1,0,0,1
1126,1,2.4,0,2,1,10,0.4,160,6,3,1223,1611,7,6,12,1,1,1,2
1572,0,0.6,0,0,1,58,0.2,157,7,8,1109,1937,12,8,10,1,0,0,3
1569,0,2.8,1,17,0,44,0.3,110,4,20,45,1942,9,2,17,1,0,0,1
1270,1,0.6,1,2,1,32,0.5,101,7,6,299,845,5,3,13,1,1,0,3
1854,0,3,0,2,1,8,0.1,101,5,5,506,627,17,4,20,1,1,0,1
625,1,1.2,1,5,1,10,0.2,183,4,8,635,842,9,1,7,1,1,1,2
1577,0,0.5,1,0,1,42,0.3,197,5,4,1045,1737,19,6,12,1,0,0,2
534,0,0.5,1,0,1,16,1,189,5,1,393,1199,16,12,20,1,0,0,3
946,0,1.7,1,8,1,25,0.8,143,6,15,650,1740,7,5,13,1,1,1,2
685,0,0.5,0,2,0,29,0.8,93,7,10,433,648,14,8,4,0,0,1,0
1949,0,1.3,1,0,0,23,0.1,101,5,1,839,1136,14,8,20,1,0,0,3
947,0,0.8,1,0,1,22,0.1,197,2,13,1176,1220,16,12,2,1,0,0,2
801,1,2.2,1,2,0,63,0.4,165,7,4,650,879,17,4,19,0,0,1,1
703,1,2.7,0,12,1,30,0.3,113,1,20,218,1065,14,7,7,1,0,0,0
1165,1,2.4,0,11,0,41,0.2,178,6,12,564,831,19,12,15,1,0,0,0
1082,0,0.8,0,0,0,38,0.1,198,8,5,986,1191,6,1,17,0,1,1,2
959,1,2.6,1,15,0,20,1,84,4,19,561,1631,16,1,6,1,0,0,3
1502,1,1.2,0,0,0,54,0.2,138,5,12,65,588,17,14,16,1,1,0,3
1380,1,2.1,1,1,1,4,0.8,92,3,13,420,500,13,2,15,1,1,0,0
1266,0,0.5,0,0,1,5,0.1,95,6,9,1365,1698,11,0,18,1,0,0,2
1934,1,2.6,1,0,1,46,0.1,103,1,17,619,1299,13,9,2,1,1,1,3
1905,1,0.5,0,3,1,6,0.5,151,1,5,849,898,9,5,10,1,1,0,1
1831,0,1.4,1,2,0,43,0.9,150,5,5,611,1381,17,7,13,1,1,1,3
596,0,1.4,0,8,0,46,0.6,165,1,18,953,984,15,4,15,1,1,0,1
1562,1,1.3,1,1,1,7,0.2,190,5,15,642,1533,12,10,6,1,0,0,2
1490,1,0.5,1,4,1,64,0.3,150,8,8,1417,1464,17,9,7,1,1,1,3
1523,1,2.4,0,5,1,57,0.2,117,2,6,247,539,18,12,10,1,1,1,3
640,0,0.6,0,0,0,20,0.1,163,4,15,710,1179,7,5,18,1,1,0,2
1526,0,2.1,0,1,1,23,0.2,117,7,8,718,751,18,10,3,1,1,0,2
1989,0,2.5,1,0,1,41,0.8,94,3,13,1100,1497,17,9,12,1,1,1,2
1308,0,1.9,0,0,1,61,0.7,106,3,7,59,1215,15,2,4,1,0,1,3
609,0,0.5,0,3,0,26,0.3,93,4,4,938,1948,11,10,14,1,1,1,1
1905,0,0.6,1,9,1,36,0.4,119,3,20,825,1542,13,4,16,1,0,0,1
1703,1,0.5,0,0,1,22,0.6,192,1,0,286,1235,5,4,13,1,0,1,0
1445,1,2.4,1,7,1,20,0.4,173,7,15,1273,1345,7,4,13,1,1,1,1
1087,0,1.3,0,0,1,16,0.3,166,3,9,295,589,14,6,6,1,0,1,0
671,0,0.9,1,10,0,30,0.7,105,7,17,852,1182,6,4,15,1,0,0,2
1472,1,2.3,0,6,0,61,0.1,168,6,19,710,1052,19,15,8,1,0,0,2
765,0,0.5,1,0,1,47,0.3,115,8,1,1277,1429,11,7,4,1,0,1,2
1642,0,0.5,1,16,1,8,0.3,171,6,17,129,873,13,4,17,1,0,1,2
1265,0,1.5,0,7,0,49,0.7,182,5,16,690,836,5,0,12,0,0,1,1
664,1,1.1,1,1,1,51,0.1,110,7,4,701,1478,19,15,6,1,1,1,3
1277,1,0.5,1,0,1,35,0.4,142,6,6,309,1460,18,17,6,1,1,0,3
1395,0,1.8,1,0,0,23,0.1,111,3,1,213,705,11,0,13,1,0,1,2
1539,1,2.6,0,0,0,41,0.1,159,8,0,1112,1666,15,9,10,1,0,1,2
1049,1,2.2,0,9,0,63,0.5,135,5,17,199,1077,11,3,13,0,0,0,0
1827,0,1.7,0,4,1,39,0.5,128,5,16,55,1020,14,9,10,1,1,0,2
903,0,1,1,0,1,50,0.4,91,1,0,1230,1235,9,5,10,1,1,0,0
1987,1,0.5,0,3,1,53,1,181,3,7,1052,1516,18,5,8,1,1,1,3
1154,0,1.2,1,0,1,49,0.2,181,8,2,541,1499,5,3,7,1,0,1,0
1336,0,0.9,0,5,1,17,0.2,194,5,9,55,583,13,1,16,1,1,1,1
1886,0,0.5,0,0,1,24,0.4,112,3,1,809,1958,16,7,20,1,0,1,1
1551,0,1.1,0,4,0,51,0.1,88,5,6,1738,1995,11,8,4,0,1,0,3
850,1,1.6,1,6,1,29,0.5,133,5,19,404,642,19,17,10,1,0,1,0
660,0,0.5,0,5,1,40,0.5,111,2,10,262,1178,6,5,18,1,1,1,0
1225,1,2.1,1,8,0,13,0.5,116,4,12,759,1404,12,11,11,0,0,0,3
1452,1,0.5,1,1,1,25,0.9,123,6,11,42,1040,12,10,13,1,0,0,2
1686,1,2.8,1,3,0,38,0.1,166,4,4,397,1453,14,11,2,0,0,0,3
1634,1,1.4,0,1,1,17,0.2,200,2,5,964,1677,11,6,6,1,1,1,3
1708,1,2.4,1,18,1,49,0.1,109,1,19,233,517,6,4,16,1,1,1,3
1151,1,2.9,1,0,0,31,0.6,128,8,1,1022,1560,18,8,13,0,1,0,2
1578,0,1.9,1,2,1,37,0.1,138,4,19,411,1226,19,16,3,1,0,1,2
1689,0,1.8,0,17,0,24,0.3,127,3,18,954,1200,7,2,7,0,1,1,3
1488,0,0.5,0,1,0,39,0.8,112,5,6,1528,1647,14,10,19,0,0,0,3
1313,1,1.8,1,4,0,9,0.4,105,1,6,416,1308,11,10,6,0,1,1,3
1715,0,1,1,4,1,31,0.5,83,8,17,638,1615,17,6,13,1,0,0,0
1442,0,1,1,0,0,27,0.1,192,3,19,231,687,6,5,20,1,1,0,1
528,0,1.7,0,12,1,6,0.8,142,2,15,574,637,9,8,6,1,1,0,2
1523,1,1.8,0,6,1,11,0.1,129,1,8,148,1606,19,8,19,1,1,0,0
1133,0,1.4,0,3,0,42,0.1,199,5,12,730,1543,18,12,20,1,0,1,1
1718,1,2.5,1,14,1,6,0.1,183,5,16,564,980,7,1,8,1,1,1,3
1330,0,0.5,0,0,0,38,1,183,7,1,1290,1441,9,0,11,1,0,1,1
1799,1,0.5,0,0,0,49,0.4,107,4,2,632,1383,12,2,11,1,1,1,0
1937,1,1.7,0,17,0,58,0.6,189,1,19,1728,1767,5,4,14,1,1,0,3
977,1,1.1,1,2,0,57,0.6,181,6,7,63,566,7,1,8,0,1,1,0
768,1,0.9,0,16,1,56,0.1,113,1,20,418,515,19,3,16,1,0,1,0
1464,1,0.5,1,11,0,12,0.9,117,2,14,854,1168,5,3,15,0,1,1,3
1177,0,0.9,0,1,1,29,0.4,191,2,8,178,882,18,5,19,1,0,0,0
1348,0,2,0,18,0,52,0.3,98,3,20,1869,1942,18,11,7,1,1,1,1
1956,0,2.2,0,0,1,37,0.5,87,3,2,185,776,13,1,19,1,1,0,1
1751,0,0.5,1,6,0,8,0.6,178,6,20,170,564,8,6,17,0,0,1,2
1530,0,2,0,11,0,42,0.8,177,6,13,454,1975,11,10,19,0,0,1,0
1997,1,1.8,1,1,0,40,0.5,185,4,8,866,1212,7,6,15,1,0,0,2
1414,1,1.5,1,5,0,44,0.5,180,2,6,44,1118,16,12,13,0,1,0,3
1707,0,1.4,0,0,0,41,0.8,80,7,2,1331,1388,12,0,10,0,0,0,2
894,0,0.5,1,1,1,50,0.5,199,3,14,1285,1462,13,0,6,1,0,1,3
645,0,1.2,0,6,1,41,0.7,184,8,17,741,1130,18,2,13,1,1,0,0
1163,0,2.8,1,0,0,49,0.6,155,2,0,520,754,19,2,12,0,0,1,2
1126,0,0.7,0,3,0,49,0.9,165,8,17,114,1726,14,1,13,1,0,0,3
1648,0,0.7,0,6,1,64,0.8,170,4,9,1153,1876,8,1,6,1,1,0,1
1170,1,0.9,0,6,1,14,0.4,199,2,13,474,709,18,5,20,1,0,1,0
508,0,0.8,0,7,1,42,0.3,94,1,8,39,557,13,12,7,1,0,0,0
1097,0,2.1,1,6,0,64,0.2,161,3,8,419,1914,14,5,9,1,0,1,1
728,0,1.7,1,0,1,5,0.6,101,2,20,584,775,16,0,5,1,1,0,0
1980,0,0.5,1,2,1,29,0.8,177,1,13,312,1910,12,10,18,1,0,0,3
1504,0,2.3,1,1,0,64,0.9,182,1,2,19,1923,6,5,10,0,1,0,3
1379,1,2.1,1,14,1,63,1,83,1,17,207,1370,9,6,7,1,1,0,0
1698,0,2.1,0,5,1,18,0.9,160,6,20,363,994,13,3,14,1,0,1,0
920,0,2.1,1,5,0,25,0.4,115,7,14,209,1078,10,7,5,0,1,1,0
1144,1,1.5,1,0,0,21,0.4,189,1,11,159,724,16,0,8,0,0,0,2
1995,1,0.5,0,6,0,26,0.2,129,1,15,649,1104,15,11,7,0,1,1,1
1430,0,0.5,1,1,0,27,0.5,183,1,16,1132,1182,7,1,15,0,1,1,2
972,1,0.5,1,5,0,13,0.4,193,5,8,1392,1795,11,6,13,0,1,0,1
662,0,0.5,0,5,0,20,0.8,138,1,10,1001,1224,17,15,15,0,1,1,1
1867,0,2.3,0,0,1,9,0.1,191,6,3,712,1442,6,1,2,1,0,1,1
1730,0,2,1,0,1,20,0.1,143,4,10,418,1023,14,0,12,1,1,0,1
1723,1,1,0,1,1,7,0.6,126,3,17,384,1361,5,0,16,1,1,1,1
1882,1,1.3,1,8,0,47,0.2,140,2,13,119,652,17,1,11,0,0,1,2
803,0,0.8,1,0,0,18,0.3,106,4,1,627,935,18,15,12,0,1,0,2
580,1,1.2,1,0,0,47,0.9,91,3,1,1086,1345,15,1,11,1,1,0,3
668,0,2.3,0,2,1,48,0.3,114,1,19,195,1292,14,12,4,1,1,0,0
1391,0,1.4,0,2,1,36,0.8,182,1,6,14,1256,14,7,14,1,1,0,2
1560,0,2.3,0,0,1,22,0.8,169,7,1,745,1364,15,11,16,1,1,1,2
821,0,1.8,1,5,0,54,0.1,109,3,9,253,1786,8,4,15,1,0,0,2
811,1,2.4,1,5,1,2,0.3,106,6,13,333,1429,18,7,2,1,0,1,1
1989,1,2.9,1,8,0,17,0.1,193,8,15,629,682,7,0,18,1,1,0,2
1034,1,2.7,1,6,0,37,0.7,120,7,20,707,1199,17,1,12,0,1,1,3
618,0,2.1,0,2,0,6,0.3,86,1,4,1314,1688,13,10,15,0,0,1,0
654,1,1.3,0,0,1,52,0.7,196,4,4,1715,1898,17,4,13,1,0,0,1
576,1,2.8,0,2,1,10,0.2,184,5,7,513,1438,6,0,5,1,1,1,2
667,1,0.6,0,6,1,3,0.7,185,6,13,13,1463,5,0,19,1,0,1,2
869,1,1,0,7,1,57,0.6,118,1,15,1243,1584,13,3,8,1,0,0,2
635,1,0.5,1,2,0,42,0.4,149,3,4,300,1059,12,5,18,0,0,1,2
609,1,3,0,15,1,44,0.3,117,1,16,58,1253,15,11,15,1,0,1,1
1557,0,2.8,1,16,0,2,0.1,123,5,20,1107,1442,18,16,9,0,0,1,3
1604,1,1.7,0,2,0,33,1,191,8,5,134,939,13,10,12,0,1,1,0
1182,0,0.5,0,7,1,8,0.5,138,8,16,275,986,19,17,19,1,0,0,2
848,1,2.1,1,10,1,19,0.8,148,7,18,176,1029,10,0,14,1,0,0,2
1610,1,2.9,0,7,1,64,0.9,181,4,12,1236,1280,8,4,9,1,1,0,1
1828,1,2.1,1,0,0,17,0.9,199,1,1,336,898,17,14,4,0,0,0,2
880,0,2,1,1,1,50,0.5,194,7,3,1116,1381,15,9,6,1,0,1,0
1394,1,0.9,1,10,1,62,0.3,175,5,13,1010,1565,11,1,20,1,1,0,0
1960,1,2.3,1,1,1,61,0.3,86,7,3,205,1299,10,7,11,1,0,0,3
809,0,0.8,0,10,0,21,0.9,91,7,19,1453,1726,18,7,3,0,0,0,1
899,0,0.5,1,13,1,57,0.9,172,2,18,788,1331,11,1,7,1,1,0,0
1976,1,0.7,1,4,0,32,0.8,171,2,7,1301,1922,17,11,13,0,1,1,3
879,0,1.5,1,0,1,21,0.8,187,4,2,463,1038,14,13,11,1,0,1,2
916,1,2.6,0,0,0,36,0.3,195,4,12,188,992,13,0,14,0,1,0,0
763,0,1.7,1,8,1,2,0.5,92,8,14,1028,1186,6,4,8,1,1,0,0
508,0,1.6,1,0,0,9,0.4,162,6,2,1419,1920,18,8,10,1,1,1,2
825,0,2.9,1,0,0,34,0.8,99,8,17,1471,1866,8,2,10,1,1,0,3
1864,0,1.4,0,8,1,46,0.7,178,1,12,168,981,11,7,18,1,1,1,2
1725,0,0.5,1,8,1,52,1,185,6,12,1125,1195,19,18,5,1,1,1,1
1108,1,2.9,0,10,0,52,0.1,183,2,12,130,1706,16,1,13,0,1,1,3
1011,0,1.1,0,4,1,36,0.2,131,7,18,481,749,7,6,16,1,1,1,1
1703,1,1.5,1,17,1,55,0.7,138,5,19,1411,1711,5,1,20,1,1,1,3
1067,1,1.7,1,0,0,58,0.5,135,7,0,79,681,12,9,16,0,1,0,0
1334,1,2.4,0,5,1,42,0.6,115,5,14,1187,1974,10,1,8,1,0,0,3
775,1,2.6,0,0,0,30,0.4,189,7,10,561,1510,17,16,9,1,0,1,2
1899,1,0.6,0,0,0,26,0.1,151,2,0,96,814,13,11,4,1,0,1,0
930,1,1.3,1,1,1,14,0.4,97,6,10,77,1025,11,7,17,1,1,0,1
1058,0,1.5,0,2,0,19,0.4,166,4,14,493,1247,9,7,16,0,0,1,0
1187,1,2.2,0,0,1,46,0.4,145,2,9,1173,1814,13,11,8,1,0,1,3
1874,1,2.7,1,10,0,8,0.9,166,7,13,964,1233,8,1,2,0,0,1,1
1482,0,0.5,0,2,0,48,0.2,142,7,10,634,642,12,8,12,1,1,1,2
1809,1,1.7,0,3,1,59,0.1,174,3,4,639,721,10,6,16,1,0,1,2
864,1,3,1,0,1,54,0.7,187,2,1,127,1670,18,2,16,1,1,1,2
625,1,1.9,0,12,1,33,0.2,191,1,20,431,550,10,6,2,1,0,0,2
1880,1,1.8,0,4,1,18,0.7,138,3,5,71,699,17,15,7,1,0,0,3
1138,0,1.4,0,12,1,44,0.2,187,8,17,111,1138,19,3,3,1,0,0,3
560,0,0.5,0,14,0,23,1,146,8,15,356,1903,17,16,18,0,1,1,1
1117,0,0.5,0,1,0,12,0.6,144,7,8,798,817,7,6,16,1,1,0,2
1712,0,1.4,0,1,0,63,0.5,137,7,12,747,1126,16,1,19,1,0,0,3
1836,1,1.7,1,3,0,26,0.1,134,6,16,408,1139,5,0,18,0,1,0,3
1036,1,2.4,0,0,0,39,0.2,119,7,3,373,926,10,7,2,0,1,0,1
1860,1,2.3,0,15,0,23,0.6,162,4,16,1362,1506,9,2,8,0,1,0,3
1375,1,1.1,0,3,1,9,0.9,145,7,19,475,726,19,18,10,1,1,1,3
1945,0,1.6,1,0,1,57,0.3,195,4,1,743,1753,14,1,14,1,1,0,1
1896,0,0.5,1,8,1,7,0.4,141,2,13,447,794,9,7,18,1,0,0,3
788,0,2.5,1,4,1,57,0.9,91,8,12,42,1161,12,8,6,1,1,1,3
880,1,1.7,1,0,0,33,0.7,173,2,2,30,1350,12,1,7,1,1,0,0
1323,1,2.5,1,10,1,28,0.2,131,4,12,162,619,10,0,15,1,1,1,1
1868,0,2,1,0,1,42,0.2,169,1,4,347,660,8,3,7,1,1,1,3
1278,1,0.5,1,1,0,54,0.1,104,8,16,581,750,7,1,20,0,0,1,0
1773,1,2.5,0,16,1,32,0.6,170,6,18,1215,1472,17,6,13,1,0,1,3
1661,1,0.8,1,1,1,6,1,109,7,2,594,1337,9,8,2,1,0,1,1
1438,0,2.2,0,0,1,32,0.6,176,7,6,683,1663,19,13,9,1,1,1,0
1661,1,1.4,0,0,0,29,0.3,119,2,0,536,861,9,2,9,1,1,1,0
1846,1,0.6,0,1,0,19,0.7,159,1,2,83,773,15,6,11,0,1,1,1
1260,1,2,1,2,1,23,0.2,123,7,10,905,1313,12,11,10,1,0,1,2
512,1,0.5,1,7,0,15,0.9,83,3,15,249,1849,18,14,15,0,1,1,2
581,0,2.2,0,0,0,59,0.7,185,5,6,803,1613,19,17,9,0,0,1,2
1872,1,2.3,0,6,0,44,0.7,134,3,15,459,1259,9,4,15,1,0,1,2
687,1,1.3,0,9,1,50,0.6,151,4,20,584,1151,14,6,8,1,1,0,3
1062,1,2.5,1,6,0,10,0.9,160,1,13,1596,1807,7,3,16,0,0,1,3
1678,1,2.3,1,11,0,7,0.5,192,1,14,418,1763,5,3,19,1,0,0,0
1417,1,0.5,0,10,1,45,0.9,166,4,19,364,1029,13,9,12,1,0,1,1
1074,0,2.4,1,2,1,9,0.9,103,6,14,946,952,13,1,18,1,1,1,1
1832,0,0.7,0,2,0,2,0.6,90,7,6,186,654,18,7,18,0,0,0,2
1039,0,1.3,0,0,1,12,0.8,200,8,0,1428,1827,7,1,10,1,1,1,1
1059,0,2.4,0,8,0,61,0.1,134,3,18,1613,1916,15,13,11,1,1,0,3
1606,0,1.4,0,3,0,57,0.1,154,4,4,1127,1924,13,8,20,0,0,1,3
1928,1,1.8,0,9,1,19,1,187,3,20,691,1580,7,2,13,1,1,1,3
1875,1,0.5,1,11,1,55,0.7,91,1,17,1802,1942,7,2,6,1,0,1,3
1128,1,1.1,0,9,1,46,0.9,135,8,10,751,1582,5,0,11,1,0,0,1
1748,0,1.7,1,6,1,14,0.5,146,3,7,859,1234,16,12,3,1,0,1,3
1413,0,0.5,1,5,0,51,0.3,117,5,11,187,517,16,5,2,0,0,0,3
825,0,0.5,1,0,1,23,0.1,86,2,0,206,1917,8,6,2,1,0,1,3
1589,1,1.4,0,3,1,26,0.1,100,8,16,1673,1759,16,8,18,1,0,1,3
535,1,0.5,1,8,1,54,0.5,145,8,15,710,939,14,8,10,1,0,0,2
1780,1,0.5,0,6,0,27,0.1,190,4,11,1331,1463,19,17,14,1,1,1,3
1168,0,1.3,0,9,0,61,0.1,90,8,10,159,1578,9,4,17,0,0,1,3
1229,0,0.5,1,15,0,14,0.8,191,2,16,120,1878,17,6,17,0,0,1,1
1758,1,0.5,0,11,1,13,0.6,190,8,14,762,1864,6,2,15,1,0,0,2
1290,0,0.5,0,0,0,3,0.1,143,6,4,600,1109,9,8,15,0,1,1,1
574,0,2.8,1,16,0,38,0.1,90,6,17,286,1171,8,7,10,0,1,0,2
1271,1,0.5,0,12,0,32,0.1,113,7,15,1350,1949,15,14,14,0,0,1,0
1170,1,1.2,0,4,0,30,0.4,83,8,15,27,1722,6,4,8,1,1,0,0
1269,1,1.3,0,14,0,52,0.8,118,2,15,1597,1920,18,5,5,0,0,0,1
1288,0,2.8,1,15,0,50,0.1,121,2,20,1177,1809,17,6,2,0,0,0,3
1366,1,0.7,1,0,1,34,0.1,150,2,9,402,964,13,11,3,1,0,0,3
1572,1,0.8,1,7,1,8,0.8,169,5,8,577,1237,6,3,10,1,1,1,3
1627,0,0.9,1,9,1,32,0.1,180,6,16,52,1082,12,6,16,1,1,0,3
1701,1,0.5,0,13,1,46,0.9,115,2,15,364,828,11,0,10,1,1,0,3
1900,1,0.5,1,0,1,55,0.9,171,1,1,934,1241,15,5,18,1,0,1,3
1974,0,1,0,4,0,24,0.3,80,7,13,250,545,7,4,6,1,0,1,0
1197,1,0.5,1,9,0,20,0.1,129,5,10,214,1710,19,7,14,1,1,1,2
587,1,2.3,1,4,0,6,0.7,170,1,16,612,1793,9,2,14,1,1,0,2
934,0,1.1,0,7,0,24,0.8,112,5,12,1111,1463,12,7,9,0,0,1,0
1195,0,2,1,1,1,23,0.1,82,4,9,163,1100,13,9,17,1,0,0,0
1853,1,1,0,2,0,23,0.4,92,1,15,202,1951,14,4,17,1,0,0,3
1164,0,1,0,4,1,19,0.9,95,8,18,729,1704,15,3,3,1,0,1,3
1512,1,0.5,0,8,1,18,0.1,88,3,17,1079,1897,12,10,6,1,1,1,3
1232,0,2.9,1,1,1,24,0.3,169,5,17,361,809,16,10,16,1,0,0,0
1813,1,0.6,1,0,1,5,0.2,198,3,8,338,1306,9,3,14,1,1,0,0
946,1,2.6,1,17,0,5,0.1,166,3,20,1698,1771,15,7,4,0,1,0,3
739,1,2.3,1,2,1,58,0.1,88,3,4,1052,1536,7,6,6,1,0,1,0
704,1,2.7,0,8,1,29,0.2,80,1,10,1108,1509,9,3,10,1,1,1,0
1663,1,0.5,0,0,0,40,0.6,147,4,15,951,1545,8,5,15,1,0,0,1
1966,1,1.4,1,2,0,40,0.9,185,8,18,1197,1987,11,2,20,0,1,0,2
1219,0,1,1,0,0,17,0.7,196,5,4,473,1022,11,3,6,0,1,1,0
1430,1,0.9,0,3,0,56,0.1,179,3,5,569,906,17,8,17,0,0,1,0
1958,1,1.9,1,0,0,4,0.2,190,2,3,304,637,16,5,3,0,0,0,1
1836,1,2.1,1,0,1,30,0.2,184,7,15,276,1230,7,3,5,1,1,0,3
557,1,1.6,0,0,0,24,0.5,125,3,0,1131,1315,12,8,3,1,0,1,0
539,1,0.6,1,9,0,21,0.1,145,7,14,551,599,14,5,9,0,0,0,2
880,0,0.5,1,1,0,44,0.5,172,8,15,436,1302,8,7,6,0,1,1,2
1369,1,1.8,1,6,0,34,0.5,162,1,7,553,727,18,4,18,0,1,1,3
1109,1,2.7,1,1,0,39,0.4,98,1,9,1391,1787,15,10,7,1,1,1,1
843,0,1.8,1,0,0,16,0.1,166,5,6,981,1096,12,1,20,1,0,1,3
598,0,2.3,1,7,0,21,0.7,196,2,10,680,1173,8,4,7,1,0,1,2
972,1,2.7,1,1,0,5,1,126,4,2,687,816,12,7,19,1,0,1,2
1944,1,0.5,0,5,1,36,0.1,197,6,18,1060,1970,17,14,13,1,1,0,1
1225,0,0.7,1,0,1,2,0.6,138,7,1,217,1101,12,11,15,1,1,0,2
644,1,1.3,1,7,1,30,0.5,114,1,16,1140,1654,9,0,19,1,0,1,2
1919,0,1.5,0,5,1,48,0.8,150,4,6,304,1191,19,13,12,1,0,1,1
501,0,2.3,0,12,1,54,0.3,131,4,19,504,1089,13,12,2,1,0,1,1
1620,1,2.2,1,0,1,30,0.2,185,3,3,832,1033,6,0,18,1,0,0,0
1227,1,1.1,1,0,0,34,0.2,130,3,3,935,1781,7,3,12,0,1,1,1
1359,1,0.5,1,1,1,58,0.5,107,6,3,446,901,16,8,4,1,1,1,0
1914,0,0.7,0,1,0,35,0.6,118,8,2,942,1701,17,1,8,1,0,1,1
1645,1,1.8,0,1,0,21,0.7,123,7,2,897,1308,10,8,20,1,0,0,0
1063,1,1.1,0,0,1,26,0.8,101,5,2,1208,1232,17,16,5,1,0,1,3
946,0,2.1,0,0,1,19,0.2,154,8,0,159,630,7,4,16,1,1,0,1
1231,0,1.2,1,5,0,54,0.8,185,3,10,632,1184,5,3,6,1,1,0,1
1397,0,2.9,1,13,0,9,0.5,87,6,18,1308,1991,12,1,11,1,1,1,3
701,1,0.7,0,7,0,15,0.5,160,3,11,1002,1256,6,3,17,1,1,1,1
570,1,0.5,1,2,0,9,0.3,111,7,5,1331,1917,14,10,14,0,0,0,3
1993,1,0.5,0,10,1,27,0.3,147,8,11,150,510,14,0,9,1,0,0,2
955,0,0.5,1,4,0,43,0.9,143,5,8,1248,1511,12,9,9,1,1,1,1
924,0,0.5,1,0,1,47,0.3,167,8,6,108,1813,17,15,12,1,0,0,1
600,0,0.5,0,0,0,14,0.8,112,5,2,320,747,18,0,9,0,0,0,0
518,0,0.8,1,0,0,3,0.1,178,7,1,437,1947,5,0,8,1,0,1,2
1063,1,2.5,0,0,1,31,0.9,95,6,10,295,935,16,6,5,1,1,0,0
920,1,0.5,0,2,0,46,0.8,149,3,3,1058,1421,6,0,2,0,0,1,2
1715,0,1.9,0,4,1,3,0.1,171,5,6,79,1652,7,4,13,1,0,0,0
1841,1,1.3,1,6,0,14,0.6,167,8,8,593,672,7,1,18,0,0,1,2
543,1,0.5,1,4,1,60,0.7,132,5,7,693,1031,14,0,5,1,1,0,0
1762,1,2.7,1,13,1,25,0.9,189,1,14,300,527,14,10,20,1,1,1,1
1112,1,0.5,1,1,0,53,0.6,121,4,16,234,739,7,3,20,1,1,0,3
709,1,2,1,0,0,35,0.1,136,1,0,1545,1596,12,9,16,0,1,1,1
1462,1,1.7,1,1,0,25,0.2,182,7,18,91,1478,15,5,13,1,0,1,0
571,0,1.6,1,8,0,35,0.2,186,7,20,177,1282,13,5,8,1,1,0,1
666,1,0.5,1,7,1,54,0.4,81,3,13,58,1353,15,9,9,1,1,1,0
1994,0,1.5,1,2,1,7,0.5,146,8,7,447,1435,7,0,20,1,0,1,3
1583,1,2.1,1,11,0,14,0.7,148,7,16,942,1651,17,13,2,1,0,1,2
1778,0,1.4,1,3,1,45,1,132,4,17,88,516,15,13,9,1,1,0,1
1926,1,1.1,0,13,1,50,0.2,179,6,17,371,1000,17,12,17,1,1,0,3
966,1,0.6,0,9,1,50,0.2,117,4,10,1446,1754,10,1,5,1,0,1,2
568,0,2,0,1,0,36,0.3,179,3,4,181,1703,17,9,9,1,0,0,0
1897,0,3,0,1,1,21,0.5,192,8,2,1311,1935,17,6,3,1,1,1,0
1695,0,0.5,1,6,1,46,0.7,200,3,9,1791,1898,16,13,15,1,1,1,1
1623,1,1.2,0,6,1,61,0.9,120,7,12,1568,1832,12,10,17,1,1,0,2
914,1,0.5,0,0,1,26,0.7,147,4,0,706,721,12,9,2,1,1,1,0
1721,1,0.5,1,4,1,33,0.5,128,4,5,871,1048,19,2,5,1,1,1,0
890,1,2.2,1,4,0,44,0.5,198,8,13,1074,1873,7,3,3,0,0,0,0
600,0,0.5,0,1,0,48,0.8,191,3,7,501,1465,12,7,8,1,0,0,2
1677,0,1.8,1,4,0,11,0.7,124,6,8,271,1477,15,6,12,1,0,0,3
723,0,0.5,0,0,1,3,0.2,168,4,3,920,1748,15,3,16,1,0,0,1
638,0,1.7,1,11,0,27,0.5,102,4,17,1171,1383,7,2,9,1,1,0,2
852,0,1,1,4,1,62,0.7,104,7,13,293,1159,17,4,7,1,1,0,1
1979,1,1.6,1,0,0,32,0.2,165,7,1,833,1630,13,6,14,0,1,0,0
710,1,0.5,0,6,0,32,0.8,151,5,9,485,857,12,11,18,0,1,0,0
1034,0,2.6,1,2,1,45,0.3,190,3,4,182,1293,15,1,7,1,0,0,0
600,0,2.5,1,8,1,22,0.1,145,1,11,207,1162,19,1,5,1,0,0,2
1027,0,0.5,0,2,1,64,0.9,103,2,7,1698,1747,17,12,12,1,0,0,3
1260,0,0.6,0,5,1,13,1,106,6,6,165,736,13,1,8,1,1,0,2
1793,0,1.8,1,10,0,12,0.5,169,6,17,1086,1418,16,14,15,1,1,1,3
675,0,2.3,0,10,0,60,0.9,144,5,15,192,757,7,0,13,1,0,1,0
658,1,2.7,0,0,1,12,0.9,103,7,3,1156,1750,14,11,20,1,0,0,3
1694,1,0.6,0,0,1,34,0.3,102,7,7,377,549,17,5,2,1,1,0,2
804,1,0.8,1,12,1,41,0.9,89,1,13,709,818,11,5,11,1,0,0,1
1713,0,2.5,1,1,0,27,0.9,127,7,3,729,974,13,10,20,1,0,1,2
706,0,0.5,0,13,1,31,0.1,108,3,19,543,938,8,7,4,1,0,1,1
1362,0,0.5,0,3,0,25,0.8,131,7,9,553,1505,7,6,18,0,1,1,0
1527,0,2.7,0,10,1,60,0.1,154,5,14,526,1116,5,3,11,1,1,1,2
768,0,0.5,1,0,0,19,0.9,159,2,1,637,991,19,1,7,0,0,1,0
1314,0,2.9,1,8,1,41,0.1,155,4,12,113,577,10,4,4,1,1,1,0
705,1,0.5,0,5,1,57,0.9,155,6,9,1114,1374,15,11,18,1,1,1,1
1403,0,2.7,0,2,1,26,0.1,164,5,3,461,1251,13,9,9,1,0,1,3
1486,0,2.6,0,7,0,52,0.1,85,4,15,1430,1747,13,1,15,0,1,0,0
781,0,1.1,0,2,0,38,0.4,198,5,7,304,1674,13,8,5,0,0,1,3
986,1,1.5,0,1,1,23,0.8,183,8,3,471,800,16,9,19,1,0,0,1
1310,0,1.4,0,0,0,33,0.4,105,1,14,806,1016,13,12,19,0,0,1,1
560,1,2,1,6,1,57,0.3,81,3,12,80,1327,11,10,7,1,0,1,1
1348,0,1.3,0,0,0,43,0.4,116,5,6,204,501,10,3,8,1,0,1,3
1567,0,0.5,1,3,0,22,0.5,119,6,6,545,1621,9,1,18,1,0,0,2
1940,1,0.9,1,4,0,17,0.7,93,5,7,112,858,14,6,8,0,1,0,2
1979,1,2.9,1,0,1,19,1,176,3,9,1331,1532,8,2,2,1,1,1,0
1702,1,2.3,0,12,1,52,0.5,145,2,15,1397,1491,16,12,4,1,0,0,3
808,0,0.5,1,0,0,8,0.1,192,4,1,618,1891,15,9,12,1,0,1,3
1156,0,0.5,0,6,0,61,0.1,89,7,9,1214,1262,16,6,13,0,1,1,1
1271,0,0.5,1,2,0,54,0.1,159,8,3,613,650,14,11,6,0,1,1,0
696,0,0.5,0,6,0,51,0.3,197,3,8,649,907,18,8,9,0,0,1,1
1981,1,1.9,1,13,0,45,0.3,175,6,18,193,1234,10,1,13,0,1,0,1
614,0,1.7,1,0,1,58,0.2,128,7,2,22,519,15,6,11,1,1,1,2
1590,0,0.6,1,0,0,7,0.3,122,3,17,1464,1595,12,3,18,1,1,1,1
1945,0,1.6,0,4,0,21,0.7,113,3,10,280,895,6,1,15,0,0,0,3
1135,1,2.8,1,9,0,43,0.4,158,1,11,690,1589,18,13,6,1,0,0,3
1049,0,0.6,1,8,1,2,0.3,172,6,10,39,1564,10,7,6,1,0,0,0
1807,1,2.1,0,2,0,49,0.8,125,1,10,337,1384,17,13,13,0,1,1,2
984,1,0.5,0,13,1,42,0.8,98,7,17,1036,1611,16,8,13,1,1,0,0
720,1,1.4,1,0,1,61,0.6,96,7,8,1347,1733,5,3,15,1,0,1,3
1536,0,0.8,0,12,0,13,0.3,105,7,20,22,1634,6,0,16,1,1,0,2
771,1,0.5,0,3,0,25,1,86,4,6,327,922,12,1,20,0,1,0,0
503,0,2.5,0,3,0,57,0.6,185,6,11,778,1291,11,8,16,0,0,1,0
675,0,2.4,0,1,0,42,0.6,187,7,2,482,874,9,5,13,1,1,0,2
1936,1,1.9,1,13,1,34,0.2,182,7,14,591,1089,6,1,9,1,0,1,1
1303,0,1,1,0,1,15,0.1,138,3,10,229,1604,12,4,14,1,1,1,2
1004,1,2.9,1,0,0,35,0.2,141,6,9,901,1162,17,8,18,0,1,1,3
1972,0,1.2,1,0,0,37,0.7,102,2,1,715,1648,16,0,17,0,0,0,3
1822,0,1.2,0,0,0,8,0.2,195,6,0,172,910,9,5,8,1,1,0,2
1159,1,2.8,0,5,1,18,0.5,83,1,7,681,723,8,1,3,1,1,0,1
1782,1,2.8,1,6,1,58,0.8,157,1,13,867,999,15,0,16,1,0,1,2
894,0,2.1,1,16,0,16,0.7,168,8,20,286,1300,5,1,6,1,1,1,2
1884,0,2.1,1,7,1,43,0.8,185,1,18,451,819,14,8,7,1,1,1,3
1648,1,0.5,0,1,1,17,0.9,142,2,3,1119,1238,6,2,2,1,0,1,1
798,0,2.4,0,5,0,4,0.2,96,3,9,526,643,15,7,14,1,1,0,2
802,1,2.4,1,1,0,45,0.8,157,3,9,1299,1633,8,3,8,0,0,0,3
1276,1,2.9,1,2,0,53,0.3,130,2,3,217,735,19,10,8,1,1,1,3
1331,1,1.6,0,0,0,16,0.5,165,2,7,1109,1226,13,5,20,1,0,1,1
1620,0,2.6,1,6,0,5,0.9,186,6,18,434,1339,18,14,13,1,0,0,1
1996,0,2.5,0,5,1,51,0.4,122,4,9,671,1445,8,7,12,1,0,1,2
1092,0,2.7,1,8,0,45,0.8,185,1,10,1404,1424,12,3,20,0,1,1,1
1018,1,0.7,1,7,0,63,0.1,155,5,18,856,883,10,3,2,0,0,1,2
545,0,0.5,0,0,1,11,0.3,131,3,1,381,1452,15,6,19,1,1,1,0
554,1,1.3,0,0,0,12,0.1,105,6,10,85,806,10,7,4,0,1,1,2
1264,0,2.9,1,2,1,34,0.2,171,3,3,562,849,7,4,3,1,1,1,0
1030,0,1.6,1,3,1,58,0.2,138,6,20,1111,1812,6,2,18,1,1,1,3
691,1,2.7,1,4,1,33,0.9,108,4,8,951,962,5,3,15,1,1,1,0
807,0,0.5,0,9,0,8,0.3,158,5,20,667,697,17,13,2,0,1,1,0
1113,0,0.6,1,0,0,25,0.3,145,1,10,1047,1312,11,2,12,1,0,1,0
721,1,1.3,1,10,0,16,0.9,125,1,18,408,1862,10,3,4,0,1,1,1
1188,1,1.5,1,0,0,54,0.3,198,6,2,1150,1469,12,7,7,0,1,0,0
1512,1,0.5,0,1,0,52,0.1,131,1,14,333,952,6,5,7,0,0,1,2
805,1,0.7,0,0,0,64,0.1,97,4,14,641,704,11,6,17,0,1,1,0
918,0,0.9,1,1,0,8,0.1,123,7,5,653,671,17,4,14,1,1,0,1
1320,0,0.5,1,7,0,48,0.2,168,5,16,103,1583,8,5,9,0,0,1,2
1236,0,0.9,1,2,1,57,0.1,188,1,14,517,809,14,12,20,1,0,1,0
1387,0,0.5,0,0,1,61,0.5,98,3,0,785,1151,5,3,11,1,1,0,0
1883,1,2.7,1,6,1,30,0.5,95,2,10,531,791,16,15,20,1,1,1,3
839,0,2,1,0,0,14,0.4,175,7,3,564,1391,15,8,11,1,0,0,3
1593,1,1,0,0,1,52,0.7,130,8,0,761,1336,15,13,13,1,1,1,1
1722,1,1,0,7,0,25,0.8,88,6,19,1179,1638,5,1,19,0,0,1,3
1954,0,0.6,1,8,0,7,0.9,126,3,9,673,690,17,12,13,1,0,0,3
1788,1,0.5,1,15,1,2,0.3,150,6,20,472,1073,12,2,4,1,0,1,2
1628,0,0.5,0,5,1,33,0.9,101,6,8,412,643,16,10,13,1,0,0,3
1965,0,0.5,0,6,1,4,1,84,7,9,977,1660,17,0,16,1,1,1,3
833,1,2.2,0,4,0,27,0.9,124,1,6,359,1395,9,5,7,0,1,1,1
571,0,0.6,0,1,1,43,0.5,141,3,8,224,783,7,5,18,1,0,0,1
1808,1,0.5,1,1,0,31,0.5,92,2,16,714,1208,9,1,8,0,0,1,3
1860,0,0.5,1,2,1,55,0.7,83,6,3,195,799,15,0,4,1,0,1,0
1368,1,1.6,1,4,0,9,0.1,115,7,7,843,1145,13,12,17,0,1,0,3
1161,0,1.3,1,0,1,21,0.6,126,8,12,308,1169,6,4,14,1,0,1,3
1224,1,1.6,0,9,0,33,1,157,1,18,522,563,10,5,13,1,1,0,3
902,1,0.6,1,0,0,63,0.7,122,5,14,364,1360,18,8,15,0,1,1,3
787,1,0.5,0,15,0,11,0.6,93,1,16,806,1423,8,6,14,1,0,1,2
854,0,0.5,0,2,0,30,0.5,125,8,5,518,1152,5,2,11,0,0,1,2
1184,0,1.5,1,1,1,48,0.6,191,1,6,519,1577,17,7,14,1,1,1,3
1973,0,1.6,1,5,1,39,0.8,152,4,6,792,1181,9,0,5,1,0,0,2
510,0,1.7,1,3,0,35,0.8,120,3,6,382,1228,17,2,11,0,1,1,1
966,0,2,0,8,1,34,0.5,118,2,10,214,1523,18,17,11,1,1,1,3
1438,1,1.8,0,3,0,16,0.6,169,8,7,859,867,14,11,15,0,0,0,2
1986,0,0.5,0,7,0,51,0.4,95,3,9,342,774,5,0,13,1,0,0,3
1907,0,2,0,13,0,55,0.9,105,7,15,713,1513,14,4,17,1,0,1,0
1489,0,2.4,1,8,0,32,0.6,200,1,16,172,812,7,6,8,0,0,0,0
1843,1,1.8,1,13,1,16,0.7,134,6,18,118,580,15,14,15,1,1,0,3
825,1,1.5,0,11,0,38,0.4,94,3,18,540,783,11,4,14,0,1,0,0
1286,1,2.3,0,10,1,16,0.1,98,2,18,18,662,10,5,4,1,1,0,0
840,0,0.6,0,0,1,63,0.8,137,7,19,987,1081,12,8,18,1,1,0,3
757,0,2.3,1,5,1,58,0.2,163,4,7,535,697,19,12,9,1,0,1,2
814,1,1.1,1,2,0,41,0.8,177,2,10,1092,1406,16,6,12,1,0,0,1
1195,1,1.1,1,2,1,8,0.9,80,6,6,327,1001,14,2,19,1,0,0,0
767,0,0.8,0,7,1,10,0.5,107,4,12,517,1995,6,0,12,1,1,1,2
1068,0,1.3,0,6,1,52,0.1,97,8,7,994,1500,16,1,15,1,0,0,1
994,1,2.8,1,0,0,56,0.5,173,3,3,491,530,5,2,20,1,1,1,2
1550,1,2.5,0,6,0,21,0.8,133,2,11,268,832,16,1,15,0,1,0,2
1878,1,0.5,0,9,0,29,0.6,85,8,19,210,1026,18,7,2,0,0,0,1
623,0,2,0,2,0,6,0.1,127,3,4,144,672,17,3,19,1,1,0,2
1829,1,0.5,0,0,1,15,0.4,160,5,7,729,1267,16,11,12,1,0,1,2
525,0,2.4,1,11,0,35,0.8,190,7,20,82,670,16,11,3,0,0,0,0
1065,1,0.5,0,0,1,14,0.7,89,2,2,188,928,10,1,18,1,0,1,2
1425,0,1.2,0,9,1,35,0.7,127,8,14,150,1897,13,2,6,1,1,1,0
1498,1,0.7,0,3,1,8,0.1,170,7,4,347,1076,7,3,19,1,0,0,3
981,1,1.9,1,0,0,2,0.1,136,3,7,75,688,19,12,19,0,0,0,0
1236,1,2.8,0,6,1,32,0.3,143,4,18,492,1403,16,12,14,1,1,1,0
1673,0,2.8,1,7,0,9,0.1,187,3,10,65,734,9,1,10,1,0,1,3
712,1,1.6,0,6,1,9,0.8,172,2,14,881,1234,13,5,4,1,0,0,3
569,1,0.5,1,10,1,4,0.8,170,3,19,351,1159,8,7,10,1,1,0,1
603,1,0.7,1,0,1,64,0.2,156,6,0,1842,1968,10,4,8,1,1,1,0
1332,0,0.8,1,2,0,11,0.5,187,2,4,758,1165,5,0,9,1,1,0,1
1413,0,0.6,0,0,1,13,0.1,128,1,0,1323,1481,5,0,18,1,1,0,0
1064,0,2.9,1,1,1,34,0.2,184,6,13,1175,1569,16,13,6,1,0,0,0
1444,0,0.6,0,2,0,48,0.5,82,5,17,1092,1554,17,2,15,1,1,1,3
1366,1,1.7,1,5,1,53,0.2,161,5,9,647,1876,17,5,14,1,0,1,3
906,0,2.1,1,7,0,18,0.1,136,2,11,1102,1793,13,8,16,1,0,0,3
1554,0,2.7,1,3,1,47,0.7,185,5,12,319,1367,12,3,19,1,0,0,0
1187,0,2.3,0,0,1,21,0.2,122,6,6,215,1125,10,3,5,1,1,0,2
1156,1,2.7,1,1,1,30,0.9,173,3,16,945,1913,16,15,13,1,0,1,2
1918,0,2.8,0,1,0,22,0.3,139,1,5,381,1203,9,6,6,0,1,1,1
841,1,0.5,1,8,0,39,0.1,199,6,13,546,828,11,5,16,0,1,1,2
730,1,1.3,1,6,0,6,0.9,167,7,10,1096,1155,10,1,17,0,0,0,2
878,1,1.3,0,13,1,31,0.5,153,4,18,575,618,9,7,11,1,1,0,2
1059,0,0.5,1,0,0,50,0.7,182,8,1,519,1545,5,3,18,0,1,1,0
1578,0,2.9,0,8,0,3,0.9,200,1,20,342,670,17,4,16,1,0,0,3
1497,1,0.7,0,5,0,32,0.7,92,3,9,1920,1933,6,1,7,1,1,0,2
1790,1,2.3,1,3,1,49,0.5,100,3,11,396,1980,6,2,18,1,0,1,3
1742,1,1.6,0,3,0,49,0.8,100,1,9,1134,1469,5,4,6,1,0,1,2
1549,1,0.5,0,4,0,8,0.4,158,5,7,721,1514,12,7,15,1,1,0,2
1372,1,2.7,0,7,0,34,0.4,193,4,17,687,937,11,3,20,1,0,0,0
1112,0,0.5,0,0,1,12,0.9,190,4,6,777,1119,11,0,20,1,1,1,3
1005,0,0.5,0,0,0,46,0.4,133,8,17,176,1556,17,0,20,0,1,1,3
783,1,1.7,1,9,1,27,0.3,150,6,11,458,1263,15,4,6,1,1,1,0
1698,0,2.5,0,10,1,26,0.4,105,2,18,485,1819,5,3,17,1,0,1,2
899,1,2.7,0,3,1,53,0.3,192,4,11,641,1638,19,16,10,1,0,1,2
1062,0,1.5,0,3,0,45,0.2,151,3,4,798,1435,14,2,9,0,0,0,0
989,1,2,0,4,0,17,0.2,166,3,19,256,1394,18,7,19,1,1,0,3
1983,1,1.2,1,6,1,27,0.6,125,1,11,370,1197,12,10,10,1,1,1,3
1800,1,3,0,5,0,53,0.3,87,1,12,191,1108,14,10,18,0,0,1,0
1254,0,1.7,0,0,1,45,0.4,146,3,3,1571,1956,7,2,2,1,1,1,1
868,0,1.7,0,0,0,30,0.8,83,4,0,276,1026,11,7,17,1,0,0,1
1596,0,2.9,1,7,0,7,0.7,149,2,9,169,1190,14,12,13,1,1,1,2
1807,1,0.5,1,2,1,61,0.1,134,6,6,1734,1968,8,5,15,1,0,0,3
1660,0,2.8,1,4,0,7,0.8,184,1,6,76,1165,12,0,7,0,0,0,1
1861,1,0.9,0,4,1,55,0.5,148,7,8,1698,1877,7,5,4,1,0,0,1
648,0,1.9,1,4,0,8,1,91,5,19,819,1997,8,7,4,0,0,1,2
1379,0,0.5,1,1,0,19,0.3,134,8,17,387,671,11,2,19,0,1,1,3
1910,1,1.7,0,0,0,34,0.6,115,2,0,985,1284,8,4,10,0,0,1,0
1807,0,2,1,0,1,13,0.5,155,8,0,970,974,9,3,3,1,1,1,0
1923,0,0.5,1,7,0,46,0.5,191,1,10,767,1759,10,9,3,1,1,1,1
1345,1,3,0,7,1,38,0.1,162,3,11,512,1465,9,2,15,1,0,0,1
904,0,1.6,1,5,1,14,0.2,102,8,9,56,760,7,0,3,1,0,1,1
1239,0,1.2,1,5,1,52,0.9,122,2,10,590,661,8,0,6,1,0,1,0
1330,0,0.9,0,6,1,52,0.8,84,4,12,462,1304,19,6,8,1,1,0,3
516,1,0.7,1,1,0,30,0.9,138,1,12,126,698,17,13,15,0,0,0,2
672,1,0.5,1,0,0,54,0.9,95,4,11,578,1143,17,8,14,0,0,0,0
892,1,0.5,0,0,1,47,0.4,94,1,18,655,1782,12,3,9,1,0,1,1
1778,0,0.5,0,0,1,23,0.5,101,6,11,1028,1445,19,6,13,1,0,0,3
1130,1,2.5,0,4,1,58,0.1,132,5,14,88,1261,17,1,16,1,0,0,0
1359,0,0.6,0,4,0,59,0.3,86,2,6,1692,1902,19,3,17,0,1,1,3
1866,1,2.5,1,3,1,47,0.8,89,5,9,358,1782,7,4,20,1,0,0,1
1597,0,2.3,0,11,0,34,0.4,89,1,14,64,1667,16,10,9,0,1,0,0
1046,1,2.8,1,0,1,58,0.2,100,8,0,259,1040,17,12,9,1,1,1,3
1035,0,0.6,1,2,1,44,0.5,99,3,3,236,1960,14,5,12,1,1,0,3
1175,1,1.3,0,2,0,19,0.3,164,7,9,873,1394,9,4,9,1,1,0,1
1261,1,0.5,1,0,1,11,0.2,90,4,0,858,1591,14,9,14,1,0,1,0
1068,0,0.7,1,9,0,51,0.5,124,4,15,1405,1910,12,8,6,1,1,0,0
1713,0,3,1,5,1,20,0.9,104,7,17,237,890,11,10,10,1,0,0,0
1688,0,2.5,0,0,1,21,0.2,170,7,0,650,864,17,14,8,1,1,1,3
1413,1,0.5,1,4,1,45,0.4,104,5,6,1949,1994,17,8,15,1,0,1,3
559,1,0.5,0,10,0,11,0.4,82,5,14,541,823,10,4,16,1,1,1,1
1483,1,2.6,1,13,0,19,0.6,146,7,19,361,1552,9,4,19,0,0,0,1
860,1,1.6,1,13,0,48,0.5,187,7,18,335,1463,17,2,18,1,0,0,1
1090,0,1.3,1,5,0,27,0.1,91,4,16,1638,1910,5,1,11,0,1,0,1
686,1,0.5,0,11,0,3,0.3,91,6,15,1109,1392,7,6,19,0,1,0,0
818,0,1.3,0,14,0,43,0.9,177,6,15,111,510,12,6,7,1,1,1,0
1456,0,1.6,1,5,0,49,0.2,193,3,20,1285,1427,12,11,16,1,1,0,3
774,0,0.5,1,2,1,10,0.5,188,2,9,1480,1731,8,6,2,1,1,1,2
1068,0,0.5,1,0,1,19,0.9,197,8,9,322,875,19,12,12,1,1,0,0
1373,1,1.9,1,1,1,29,0.9,141,6,12,1220,1348,15,2,7,1,1,1,3
1777,1,3,0,3,0,20,0.6,188,6,5,511,616,5,1,7,0,1,1,3
1681,1,2.5,1,6,0,18,0.3,167,1,7,850,1005,5,3,20,1,1,1,2
1983,1,0.5,1,3,0,43,1,87,6,10,349,676,9,4,3,0,1,1,2
1753,0,1.2,0,8,1,12,0.9,113,7,17,387,1595,17,16,12,1,1,1,1
1632,1,1.4,0,0,0,41,0.1,132,4,1,706,1623,5,4,15,1,0,0,2
1949,1,1.4,0,7,0,57,0.3,145,7,11,951,1178,5,3,19,0,0,0,0
1696,0,1.7,0,1,0,13,0.9,97,3,2,179,772,5,0,4,0,1,1,0
688,0,2.5,1,0,0,57,0.8,131,7,3,426,1964,17,1,4,0,1,0,3
1104,0,1.7,0,1,1,60,0.4,199,2,13,653,1413,6,0,3,1,1,1,0
1122,0,2.8,0,0,0,28,0.6,184,3,4,1578,1963,14,10,3,0,1,0,1
504,1,0.5,1,2,1,46,0.9,172,5,14,280,1795,13,5,8,1,0,0,1
1154,0,0.5,0,12,1,14,0.7,156,7,14,251,1801,8,3,4,1,1,1,0
1727,0,2.1,0,2,1,63,0.6,85,7,8,1463,1992,19,13,7,1,0,1,3
1674,0,2.8,1,0,1,52,0.2,89,3,7,1432,1649,7,0,6,1,0,0,2
1948,0,2.8,1,5,1,18,0.2,135,2,14,477,571,16,2,3,1,0,0,0
1218,1,2.8,1,3,0,39,0.8,150,7,14,1122,1746,10,0,12,0,0,0,1
531,0,1.1,0,10,0,63,0.7,189,7,14,145,1903,17,1,19,0,1,0,2
1057,0,2.1,0,4,0,5,0.5,154,5,13,416,1055,6,4,13,1,0,0,3
576,0,1.2,0,1,0,30,0.8,162,8,5,847,893,11,6,16,0,1,1,2
1960,1,2.1,0,1,0,7,0.2,165,7,9,868,877,11,9,6,0,1,1,3
673,1,1.7,1,3,1,22,0.1,88,1,5,594,1088,7,2,17,1,1,0,1
718,0,0.7,1,0,1,21,0.8,88,1,7,518,830,17,11,9,1,0,1,1
864,0,1.7,0,3,1,35,0.3,103,3,7,663,1805,12,8,13,1,1,1,1
547,0,1.9,1,1,0,37,0.4,154,5,4,371,541,17,3,10,1,1,0,1
623,1,0.9,0,1,1,3,0.1,102,8,7,1749,1781,16,13,3,1,0,1,3
1793,0,0.7,1,11,0,27,0.4,154,5,13,586,722,16,3,19,1,0,1,1
1720,1,0.7,1,0,0,19,0.1,137,2,3,409,646,13,2,7,0,0,0,1
812,0,0.5,1,1,0,64,1,106,4,7,35,1309,6,0,2,0,0,0,2
980,1,0.5,0,0,1,33,0.9,160,6,0,1008,1758,7,5,4,1,1,0,2
643,0,1,0,9,1,18,0.2,187,8,12,442,1079,7,5,18,1,1,1,1
1925,0,3,1,0,1,16,0.8,175,8,11,983,1087,7,3,19,1,1,0,2
1408,1,2.5,0,3,0,32,0.1,151,4,6,875,982,19,18,3,1,0,0,3
1522,1,0.7,1,4,0,28,0.2,124,1,5,952,1191,14,5,17,1,0,1,1
587,1,2.5,0,16,1,51,0.6,111,1,17,244,1361,10,4,7,1,0,1,2
1959,0,0.5,1,5,0,18,0.7,191,6,20,65,1055,7,4,8,1,1,1,0
1872,0,0.5,1,3,0,17,0.7,89,6,6,1749,1767,17,3,9,1,0,1,1
1043,1,0.5,0,7,0,42,0.1,111,3,8,716,1626,16,9,6,0,1,0,0
1809,0,0.5,0,6,0,23,0.7,123,6,19,433,1661,12,6,20,1,1,1,3
1703,1,0.5,0,5,1,23,0.2,92,6,7,134,521,7,3,17,1,1,0,0
1095,1,0.5,0,4,0,45,0.5,197,1,5,179,1247,9,1,10,1,1,0,0
1414,0,2.6,0,1,0,27,0.6,137,4,20,804,1564,5,2,8,0,0,1,0
1659,1,2.5,0,2,0,41,0.1,88,7,18,787,1515,12,0,9,0,1,1,0
1540,0,0.7,1,1,0,60,0.8,197,7,12,704,822,19,0,2,1,0,1,1
1342,0,1,0,0,1,31,0.6,86,7,1,991,1638,15,5,10,1,1,0,3
1189,1,2.3,0,13,0,8,0.5,198,3,14,379,932,9,6,13,1,1,0,0
518,1,2.4,0,0,1,62,0.6,128,6,0,489,710,16,12,7,1,1,1,1
1449,0,0.8,1,3,1,10,0.2,144,1,12,1518,1883,10,0,8,1,1,1,1
516,0,1.1,1,0,1,39,0.4,91,5,7,855,1401,8,0,10,1,1,1,0
1569,0,0.8,1,8,0,59,0.9,111,3,16,1261,1383,15,2,15,1,0,1,3
1312,1,0.8,1,0,0,24,0.9,156,6,0,115,1791,14,13,17,0,1,0,3
1893,1,0.5,1,1,0,23,0.1,179,8,3,1203,1432,15,7,17,0,1,0,2
1076,0,2.5,0,3,0,14,0.2,105,5,4,545,1300,7,5,14,0,0,0,1
530,1,2.6,0,1,0,40,0.9,118,6,2,818,1090,16,11,2,0,1,0,0
1044,1,2.8,1,7,0,33,0.6,129,4,13,42,1262,17,16,15,1,0,1,1
1330,0,1.1,0,11,0,37,0.7,126,7,20,1103,1637,10,1,4,1,0,0,2
1836,0,1.1,1,0,0,14,0.7,104,5,1,168,1068,18,6,7,1,1,1,2
1741,1,0.5,0,1,1,55,0.1,140,5,3,719,755,13,10,7,1,1,1,2
1869,0,2.6,0,0,1,30,0.4,152,1,13,163,874,15,3,19,1,0,0,1
1331,0,0.5,0,8,0,55,0.9,146,3,15,1162,1531,6,2,11,1,0,1,1
1655,1,0.5,1,6,1,4,0.1,105,3,12,626,1348,10,3,12,1,0,0,0
605,0,1.5,0,9,1,18,0.9,162,2,14,329,656,15,9,8,1,0,0,1
1245,1,0.6,0,2,0,30,0.7,105,5,3,330,1434,17,8,7,1,0,0,2
1709,1,0.8,0,8,1,58,0.8,136,2,10,956,1292,18,3,17,1,0,0,2
846,1,2.6,0,0,1,58,0.1,123,4,15,1140,1983,16,8,13,1,0,0,2
1403,1,2.5,1,3,0,62,0.9,90,4,13,217,1623,14,13,18,1,0,0,0
688,1,1.5,0,0,0,2,1,89,3,2,271,869,5,2,8,1,1,1,0
775,1,2.5,1,1,1,10,0.1,185,7,14,444,1555,19,3,18,1,1,1,1
1154,0,2,0,6,1,35,0.8,159,5,16,1003,1827,16,15,16,1,0,0,3
1375,0,0.5,1,2,1,35,0.1,194,2,3,227,772,15,13,15,1,1,1,1
1827,1,0.8,0,4,0,61,0.9,130,7,9,253,1764,8,3,7,0,1,1,3
1697,0,0.5,0,0,1,60,0.1,90,4,0,88,1046,15,1,11,1,1,0,0
741,0,1.5,0,1,0,14,0.3,178,5,13,334,594,19,11,9,1,1,1,0
1672,1,0.5,1,13,1,32,0.7,174,1,20,1281,1896,17,4,20,1,1,0,1
514,1,0.7,0,4,0,57,0.1,186,3,7,168,1320,6,0,20,1,1,1,0
1375,1,1.3,1,2,0,12,0.1,105,1,13,898,1687,17,1,12,0,0,0,3
989,1,1.8,1,4,1,55,0.7,124,1,12,46,1069,8,5,10,1,0,1,1
1510,1,2.5,1,11,0,47,0.7,138,2,13,118,1170,18,6,5,0,0,0,0
1266,0,2.6,0,1,0,18,0.4,86,7,2,1187,1595,16,8,3,1,1,1,0
1396,0,2.4,1,0,0,46,0.1,138,7,1,1191,1347,7,3,15,0,0,1,2
808,0,2.3,0,3,0,45,0.8,161,1,9,526,1324,15,6,13,0,1,1,3
1542,0,2.3,0,1,0,43,0.8,182,2,11,346,966,14,4,16,0,0,0,3
1159,0,2.7,0,13,1,28,0.2,80,8,18,378,751,10,0,9,1,1,1,2
1910,0,1.4,0,0,0,29,0.6,146,7,2,333,639,8,7,2,1,1,1,2
865,0,1.2,1,8,0,59,0.1,159,3,9,805,1804,16,11,19,1,0,1,2
1930,1,2,0,11,0,16,0.8,186,8,12,1901,1920,17,3,13,0,0,1,2
860,1,1.3,1,8,1,40,0.7,170,3,13,1573,1581,13,7,20,1,1,1,2
1268,1,2.9,0,9,1,42,0.9,182,6,17,360,912,11,5,20,1,1,0,0
999,1,1.8,1,0,1,27,0.1,167,4,1,20,745,17,10,5,1,0,0,0
622,0,0.7,0,0,1,9,0.3,127,2,0,98,511,13,1,5,1,0,1,2
1250,1,1.4,0,8,0,44,0.2,182,7,20,703,1011,14,1,14,0,0,0,1
763,1,0.5,0,9,1,51,0.3,104,5,12,273,1278,11,6,9,1,1,1,2
1100,1,1.6,0,12,0,15,0.1,112,8,14,919,1344,12,2,16,1,1,1,0
815,0,2,1,4,0,51,0.3,85,6,12,982,1291,5,4,6,1,0,1,3
618,1,0.5,1,2,1,57,0.2,88,3,7,879,896,18,15,17,1,1,1,1
553,1,2.2,1,0,1,18,0.7,136,2,1,1287,1892,12,10,20,1,0,0,3
673,1,2.2,1,2,0,3,0.4,84,2,9,1109,1247,19,2,9,1,1,1,2
563,0,2,1,3,0,47,0.3,115,7,12,211,684,14,4,15,1,0,0,2
1590,0,1.5,1,12,1,14,0.5,187,4,15,1058,1109,6,5,4,1,0,0,3
1031,1,2.1,1,2,1,11,0.1,121,2,9,532,1247,11,7,16,1,0,0,2
909,1,0.5,1,9,0,30,0.4,97,3,10,290,773,12,0,4,1,1,1,0
894,0,0.7,0,2,1,58,0.1,123,2,3,158,747,12,7,2,1,0,0,2
530,0,2.4,0,1,0,32,0.3,88,6,20,48,1012,17,7,6,0,1,0,0
1481,1,2,1,0,0,35,0.5,105,3,0,249,522,17,16,4,1,0,1,2
1068,0,2.7,1,0,1,45,0.6,194,5,1,935,1499,17,7,9,1,0,1,1
1487,0,0.5,0,6,1,57,0.7,84,3,12,140,768,18,4,14,1,0,0,2
1524,0,2.5,1,11,1,41,1,96,4,20,184,740,7,0,9,1,1,1,1
1093,0,1.9,1,2,1,22,0.3,196,8,14,238,807,8,5,4,1,1,1,1
1816,1,1.6,1,0,0,50,0.1,186,5,2,800,1089,11,7,16,0,0,1,3
627,0,1.8,0,2,0,20,0.8,142,3,8,211,507,17,6,14,0,0,0,0
989,1,0.7,0,13,1,51,0.4,132,3,15,670,804,10,1,20,1,0,1,1
1895,0,0.5,0,2,1,5,0.7,134,1,11,725,1335,15,4,6,1,1,0,1
805,1,1.7,1,0,1,58,0.9,168,3,10,81,1544,7,6,2,1,0,0,2
713,1,1.6,0,7,1,2,0.4,181,8,9,1211,1378,10,6,4,1,1,1,0
864,0,2.5,0,10,1,24,0.7,148,4,15,1362,1378,13,8,12,1,1,0,3
1177,0,0.9,0,1,0,11,1,181,4,7,945,1923,8,5,11,1,1,1,1
582,0,0.5,0,8,0,32,0.7,107,3,11,1043,1702,6,1,20,0,1,1,2
1898,0,1.8,1,3,1,56,0.2,185,7,4,444,739,10,5,19,1,1,1,2
1158,0,0.7,1,1,1,29,0.7,123,2,20,311,1796,17,9,15,1,0,1,1
1451,1,0.5,0,5,1,57,0.6,181,8,12,812,1456,15,7,18,1,0,1,3
1820,1,1.4,0,5,0,51,0.9,163,7,10,202,1884,11,9,11,0,0,0,2
984,0,0.5,1,3,1,9,0.8,140,3,20,531,707,18,15,16,1,0,0,0
580,1,2.1,1,0,0,24,0.4,135,4,5,404,898,12,11,8,1,0,1,2
1263,1,2,0,0,0,5,0.4,146,6,3,954,1609,9,6,4,1,1,1,2
1237,0,0.5,0,2,0,27,0.1,87,8,5,274,603,14,0,8,1,1,1,2
514,1,1.6,0,7,1,37,0.1,172,1,9,956,1723,12,8,5,1,1,1,3
1515,0,2.6,0,0,1,56,0.9,184,3,1,1438,1593,14,4,20,1,1,0,0
721,0,0.5,1,6,1,6,0.4,194,4,9,1446,1988,8,4,8,1,0,1,0
603,1,2.5,1,3,0,35,0.7,126,3,16,692,1057,13,1,9,0,0,1,3
1426,1,2.5,0,2,1,55,0.4,109,1,7,777,1032,5,1,3,1,0,0,2
1820,1,1.7,1,0,1,64,0.6,161,1,3,1157,1951,10,2,18,1,1,0,1
1215,0,1,0,4,0,16,0.1,130,4,8,454,1473,7,1,15,0,0,1,2
697,0,2.7,1,5,1,20,0.4,173,2,6,478,1477,12,6,4,1,1,1,0
717,1,0.5,1,4,0,10,0.6,198,1,5,217,1106,10,7,15,0,1,0,0
1348,1,2,1,5,0,36,0.3,145,6,6,468,741,19,1,12,0,1,0,2
1164,1,2.6,1,0,0,61,0.3,88,1,6,1107,1656,11,10,17,0,1,0,3
578,1,0.5,0,9,1,62,0.3,170,5,13,626,1134,15,12,5,1,1,1,2
1971,1,0.5,1,0,0,40,0.3,186,7,19,485,922,8,7,17,1,1,0,0
1794,1,0.5,1,5,1,55,0.5,86,7,7,43,627,14,7,14,1,0,1,0
1558,1,2.5,0,2,1,32,0.1,114,5,3,322,1385,16,5,17,1,1,1,0
1597,1,0.9,0,4,1,4,0.5,85,1,19,880,1145,8,3,15,1,1,0,2
1240,0,1.6,0,0,0,39,0.1,146,2,9,1511,1756,13,1,17,0,0,1,3
1994,1,0.8,1,2,1,7,0.6,88,8,4,667,711,11,8,6,1,1,0,0
1221,0,2.3,0,7,1,35,0.4,152,7,19,765,1899,19,16,14,1,1,1,2
989,1,1.6,1,11,1,24,0.6,156,8,17,614,679,16,13,5,1,0,1,2
1180,1,1.2,0,5,1,50,1,144,4,20,925,1252,7,3,20,1,1,1,1
718,0,2.8,0,10,0,59,0.8,113,6,13,1185,1387,11,9,3,1,1,0,1
1670,1,1.6,1,0,0,47,0.8,139,8,15,1706,1886,16,0,5,1,1,0,1
534,1,2.5,0,1,1,21,0.3,164,7,9,347,1477,7,5,18,1,1,0,2
1566,1,0.5,1,0,0,20,0.5,126,2,0,1603,1930,14,9,13,1,1,1,1
1935,0,0.5,0,0,1,29,0.6,124,5,9,806,860,9,2,6,1,0,1,0
504,1,2.8,1,2,0,54,0.4,163,2,10,1207,1539,17,11,2,1,0,0,2
1053,0,2.9,0,7,0,42,0.9,126,6,17,419,1261,17,0,14,0,0,1,0
1944,1,1.8,1,0,1,31,0.8,87,4,10,1111,1362,7,3,8,1,0,0,3
1174,0,0.7,1,1,1,25,0.8,91,2,8,1097,1461,19,7,3,1,0,1,0
627,1,1.6,1,3,1,12,0.2,131,7,17,447,819,17,1,10,1,0,0,1
1602,0,2.7,0,4,1,46,0.6,118,1,5,273,1062,16,9,2,1,0,1,1
1733,1,1.5,1,4,1,6,0.9,170,1,15,590,997,6,4,10,1,1,1,3
586,0,1.4,1,10,1,8,0.5,142,8,14,116,598,9,7,10,1,0,1,2
1528,0,2.4,0,2,0,37,0.2,156,8,3,306,564,15,0,14,1,1,0,0
875,0,0.7,0,2,0,23,0.1,110,7,7,300,1316,14,5,6,0,0,0,0
1602,0,0.6,0,12,0,58,0.4,170,1,13,1259,1746,17,2,17,0,1,1,3
1426,0,1.6,0,4,1,12,0.7,174,5,16,1573,1694,14,9,5,1,0,0,1
1370,0,1.4,0,5,1,6,0.2,158,6,8,1392,1783,13,10,11,1,1,0,3
609,1,0.5,0,4,1,10,0.1,81,6,6,113,1524,16,3,18,1,1,1,1
840,0,1.2,1,5,1,15,0.3,178,6,8,526,1728,12,2,6,1,1,0,2
991,0,2,0,2,1,12,0.3,158,5,6,1209,1678,11,9,10,1,0,0,2
1724,1,1.8,0,0,1,9,0.8,100,2,1,655,828,18,16,6,1,0,0,3
584,1,1.8,0,0,1,19,0.3,168,3,0,1123,1622,12,8,4,1,1,0,0
860,1,1.3,1,1,1,49,0.7,141,6,13,692,979,16,14,20,1,1,1,3
1541,1,2.8,1,10,1,28,0.2,165,5,15,796,1052,12,1,7,1,0,1,1
615,1,0.5,1,7,0,58,0.5,130,5,8,1021,1958,14,5,5,1,0,0,1
912,1,2.8,1,6,1,46,0.4,84,4,11,995,1310,8,4,4,1,1,1,0
1278,1,1.2,0,10,1,60,0.6,172,7,14,1244,1504,11,4,19,1,0,1,3
1365,0,0.6,0,0,1,31,0.3,125,4,0,293,970,14,7,13,1,0,1,0
1702,0,1,0,7,0,36,0.1,177,5,9,1240,1931,8,6,10,0,0,0,2
589,1,0.5,0,1,1,59,0.7,146,8,4,759,1858,16,10,6,1,1,1,0
1347,0,1.5,1,10,0,56,0.3,95,1,19,398,1528,13,0,13,1,1,1,2
1644,0,2.8,0,0,1,44,1,137,8,0,358,791,7,4,19,1,0,0,2
956,0,1.9,1,1,0,42,0.1,133,7,11,403,1614,10,0,7,1,1,0,3
1089,0,1.4,1,10,0,2,0.1,153,7,20,211,1409,7,5,13,1,0,0,2
871,0,0.6,0,2,0,52,0.1,178,3,3,194,1437,14,7,17,1,0,0,0
664,0,1.5,0,5,1,6,0.9,164,2,19,1076,1472,11,5,18,1,0,0,3
1874,1,0.6,0,1,0,19,0.8,192,2,9,1238,1418,15,10,17,0,1,0,1
1928,0,2.6,0,5,0,5,0.8,162,5,16,229,1004,14,12,15,1,1,1,0
888,0,2.6,1,2,1,33,0.4,198,2,17,327,1683,12,1,20,1,0,0,3
1077,1,1.7,1,1,0,58,0.8,86,7,13,135,1892,9,3,3,1,0,0,3
1023,1,2.3,1,5,1,30,0.2,80,8,7,5,1744,10,0,19,1,1,1,1
1426,1,0.8,0,2,1,42,0.6,84,3,10,715,1163,15,9,16,1,0,1,1
831,0,1.7,1,7,1,26,0.7,177,5,11,511,621,6,5,20,1,1,1,0
1496,1,1.3,1,0,1,6,0.5,85,3,9,549,1383,16,1,11,1,1,1,3
1433,1,2.3,0,2,1,5,0.1,129,5,11,420,784,18,15,19,1,0,1,1
1095,1,2.6,1,0,1,44,0.7,103,4,5,838,1066,13,11,8,1,1,1,3
643,1,0.7,1,3,1,23,0.8,156,1,9,314,1400,13,6,2,1,0,0,1
1142,1,1.1,0,0,1,6,0.5,198,4,0,739,1766,19,0,6,1,0,0,1
730,1,0.5,1,3,1,27,0.1,112,5,10,62,846,9,4,15,1,1,0,2
1901,1,0.5,0,5,1,41,0.6,131,2,17,3,1662,5,1,12,1,0,0,0
1510,0,0.6,1,1,0,32,0.7,135,3,8,963,1520,8,2,10,1,0,1,1
1924,0,2.6,0,0,1,59,0.9,136,6,0,1438,1923,10,9,16,1,0,1,3
1825,0,1.1,1,13,1,17,0.1,157,4,18,1621,1773,12,4,2,1,0,1,3
1275,1,0.5,1,3,1,5,0.2,152,1,9,19,501,13,4,4,1,1,0,3
987,1,2.3,0,9,0,17,0.8,124,7,17,887,1274,11,0,14,1,1,0,3
1538,1,2.3,0,6,1,13,0.2,121,7,7,567,986,18,10,12,1,1,1,1
1965,1,0.5,0,4,1,29,0.5,149,5,13,584,676,11,1,20,1,1,1,3
808,0,1.9,0,7,0,20,0.8,185,6,14,496,974,13,4,11,0,1,0,0
712,0,0.5,0,6,0,27,0.5,86,2,11,1245,1309,11,10,12,1,1,1,1
1507,1,0.9,1,0,1,42,0.4,123,5,0,682,888,15,3,19,1,0,0,1
912,0,0.7,0,3,0,47,0.9,182,3,6,724,794,7,2,6,0,1,1,0
769,1,1.2,0,2,0,17,0.1,95,8,4,1384,1454,18,2,11,0,0,1,1
948,0,2.3,0,14,0,22,0.1,173,5,20,257,1654,11,7,19,1,1,1,3
507,1,1.9,1,0,1,39,0.7,142,1,0,17,1084,6,0,12,1,1,0,1
1384,1,2.8,1,15,0,60,0.1,82,3,18,983,1210,18,12,15,1,0,1,1
1469,0,0.5,0,3,1,58,0.5,150,7,8,1699,1850,17,16,2,1,0,0,2
1423,0,0.6,0,12,0,44,0.8,131,5,13,501,640,10,8,9,0,0,0,1
1974,0,0.5,1,9,0,10,0.8,145,6,12,530,1496,6,1,17,0,0,0,1
835,0,0.8,1,2,1,42,0.8,128,5,18,396,1378,15,2,13,1,1,1,2
1429,0,0.6,0,8,0,42,0.9,151,5,9,670,1552,6,1,16,1,0,0,1
947,1,0.5,0,1,1,51,0.1,144,2,15,193,887,17,1,6,1,1,1,2
1446,1,2.8,1,0,1,18,0.3,178,8,1,351,1769,8,0,16,1,1,1,3
1332,0,1.3,1,5,1,7,0.8,168,7,19,846,855,19,11,10,1,1,0,2
1498,1,1.2,1,0,1,14,0.1,191,4,1,111,1167,14,12,12,1,1,0,0
1576,1,0.9,1,0,1,14,0.4,173,2,4,1213,1386,17,2,6,1,1,0,3
1398,0,1.6,1,8,1,26,0.8,150,1,12,755,1284,14,3,11,1,1,0,3
1885,0,2.4,1,12,1,14,0.6,92,4,15,1406,1517,9,6,16,1,0,1,1
798,1,0.5,1,7,0,2,0.8,148,2,15,497,627,14,9,3,0,1,0,2
1436,0,2.5,1,0,1,42,0.9,124,8,1,1826,1836,12,5,19,1,1,0,3
1998,1,1.2,0,8,0,31,0.6,196,8,19,50,1356,17,9,18,1,1,0,2
1321,1,1.3,0,0,1,63,0.4,109,8,9,817,941,7,6,16,1,1,1,1
1021,0,1.3,0,7,0,9,0.7,192,2,12,901,1793,6,1,14,1,1,0,1
1339,1,2.3,1,0,0,40,0.1,123,2,1,212,1269,6,4,7,1,0,1,2
1210,1,1.6,1,9,0,57,0.5,111,4,20,329,1039,16,0,17,1,0,1,1
1949,1,0.5,1,2,1,31,0.1,145,5,9,837,1182,7,3,19,1,0,0,1
856,0,1.9,1,0,1,14,0.6,115,1,7,395,1027,6,3,12,1,1,1,1
714,1,0.5,0,1,0,30,0.3,145,4,2,643,1527,12,10,10,0,1,1,1
951,0,0.5,0,6,1,15,0.6,81,2,17,854,935,16,11,16,1,1,0,0
1303,1,2.1,0,6,1,10,0.4,109,8,15,1335,1873,9,3,15,1,1,1,2
1550,1,2.7,0,2,0,32,0.1,126,7,5,1541,1619,12,3,14,0,0,0,2
1759,1,1.4,0,10,1,15,0.4,101,4,13,382,1163,18,5,16,1,1,0,2
1448,0,0.5,1,18,0,2,0.2,100,5,19,846,1144,9,4,18,1,1,1,0
1987,1,1.9,0,0,0,50,0.7,119,8,18,960,1925,12,4,6,1,1,0,1
908,0,2.1,0,1,0,44,0.6,95,5,2,154,941,16,12,7,1,1,1,3
820,0,0.5,1,2,0,58,0.3,160,4,4,468,694,17,7,17,0,0,1,0
904,0,2.7,1,4,0,19,0.6,147,6,7,1094,1496,19,18,16,0,0,0,0
667,0,1.3,1,4,1,6,0.1,149,6,10,272,870,9,5,12,1,0,1,2
1109,0,2.1,0,1,0,34,0.1,173,1,4,165,1103,13,5,17,1,0,1,2
1333,0,1.4,0,3,1,59,0.7,183,7,5,394,1301,18,16,5,1,1,0,3
1352,0,2.4,0,5,1,6,0.9,92,6,9,629,1299,12,1,14,1,0,0,1
1600,0,2.5,1,1,0,19,0.6,88,6,9,831,1713,10,3,18,0,0,1,1
1454,0,1.4,1,8,0,37,0.8,80,8,20,903,910,16,0,19,0,0,0,1
1489,0,2.1,1,0,0,9,0.4,169,3,1,923,1759,9,3,14,1,0,1,1
1823,0,2.8,1,11,0,10,0.6,81,8,19,362,1250,5,0,19,1,1,1,2
1581,1,1,0,9,0,41,0.4,172,4,19,693,850,19,9,2,0,1,1,1
1672,1,1.7,1,1,1,44,0.5,172,8,4,1250,1435,11,6,7,1,1,1,1
1283,1,0.7,1,0,1,27,0.2,80,4,6,1135,1923,17,15,6,1,0,0,3
630,0,2,0,9,1,14,0.5,180,8,13,66,1448,12,8,12,1,0,0,0
659,0,2.2,0,0,1,24,0.7,151,8,2,924,1877,8,1,10,1,1,1,3
1811,1,0.5,1,0,0,32,1,115,6,0,204,1132,17,11,18,1,0,1,0
688,1,2.5,0,9,0,40,0.2,109,5,20,376,1957,12,7,8,0,1,0,1
514,1,2.9,1,5,0,18,0.7,141,2,8,1083,1492,13,7,16,0,0,1,0
1933,0,2.8,1,1,0,16,0.5,154,3,9,229,1473,14,2,18,0,1,0,0
915,0,2,0,8,1,31,0.3,91,3,20,875,1316,11,6,9,1,1,0,0
1006,0,2.2,1,4,1,22,0.8,135,4,8,35,991,18,4,7,1,0,1,0
1134,1,0.9,0,2,1,13,0.4,92,4,19,18,903,17,8,19,1,1,0,3
599,1,2.9,0,0,1,64,0.3,186,8,1,103,646,5,3,7,1,0,0,2
973,0,0.5,1,5,0,53,0.5,196,5,7,105,588,13,10,16,0,1,0,1
1180,1,2.5,0,0,1,27,0.1,90,6,1,168,540,7,5,19,1,1,1,0
1237,1,2.5,0,7,0,13,0.8,98,4,12,18,1004,11,8,16,0,0,0,2
659,0,0.5,1,7,1,5,0.3,169,8,10,659,730,16,10,16,1,1,0,1
1142,1,1.4,1,6,0,6,0.7,190,8,8,534,855,12,4,5,0,1,1,0
1002,0,2.7,1,16,1,11,0.4,185,6,18,285,512,10,7,19,1,0,1,0
1392,0,2.5,0,0,1,44,0.7,113,4,2,482,1098,8,1,16,1,0,1,1
602,0,0.9,0,9,0,50,0.9,141,8,18,1571,1717,7,5,16,0,1,0,2
1249,1,0.5,0,3,1,55,0.8,140,3,8,605,1193,18,10,13,1,1,1,0
531,1,0.5,1,0,1,12,0.5,121,4,3,158,1657,18,12,20,1,0,1,1
1450,0,2.1,0,1,0,31,0.6,114,5,4,1573,1639,11,5,9,0,1,1,1
1342,0,2.8,0,1,0,50,0.1,173,1,8,127,620,7,2,11,0,1,1,2
832,1,0.5,0,5,1,22,0.6,198,1,8,343,1431,15,4,20,1,1,1,1
867,1,1.5,0,0,1,57,0.1,159,4,0,289,724,8,6,18,1,0,0,1
1404,0,2.1,0,16,0,44,0.9,151,1,20,1703,1880,10,6,5,0,0,1,1
840,0,0.9,1,6,0,33,0.7,150,6,7,1482,1591,10,8,19,0,1,0,2
1368,0,0.5,0,10,1,42,0.2,91,1,20,907,925,12,0,14,1,0,0,1
1927,0,0.9,1,3,0,11,0.4,190,8,12,491,1506,16,11,18,0,1,1,3
1714,0,0.5,1,7,0,31,0.4,120,2,10,287,627,5,1,19,0,0,1,3
1201,1,0.5,0,1,1,10,0.4,198,6,5,1151,1723,11,4,3,1,1,0,0
1796,1,2.3,0,4,0,44,0.9,184,2,11,1024,1363,17,7,4,1,1,0,3
1147,0,0.8,1,11,0,28,0.7,158,6,13,1085,1134,18,3,15,1,0,1,2
776,1,1.7,0,0,1,20,1,146,4,9,991,1803,15,11,7,1,1,1,0
510,0,2.6,0,0,0,33,0.1,110,6,10,1052,1897,6,2,5,0,1,0,1
1045,1,1.2,1,3,1,40,0.1,175,6,7,1078,1564,11,8,12,1,0,1,2
1497,1,0.9,1,4,1,10,0.1,153,8,20,98,977,9,0,3,1,0,1,3
1425,1,0.6,0,0,1,33,0.5,89,3,2,396,1648,10,3,9,1,0,1,3
726,0,2.2,0,0,1,40,0.8,94,4,20,323,978,16,11,4,1,1,1,0
1576,1,2,0,0,1,20,0.6,148,3,0,410,1551,17,1,16,1,0,1,1
714,1,2.1,1,5,1,11,0.1,197,3,6,1750,1857,15,12,19,1,1,0,1
1595,0,1.9,1,1,0,63,0.9,88,1,20,1475,1988,18,13,6,0,0,1,1
541,0,1,0,0,1,10,0.4,127,4,0,1836,1873,19,9,15,1,1,0,1
1617,1,2.6,0,14,0,29,0.9,113,6,20,283,676,13,1,18,0,0,0,3
1154,0,1.1,1,2,1,5,0.2,98,1,13,539,1240,12,0,12,1,0,0,1
1638,0,1,0,6,0,2,0.2,189,1,11,440,563,19,9,9,1,1,1,2
1150,1,2.7,0,0,0,39,0.4,151,8,1,397,800,6,2,11,1,1,0,0
1254,1,2.3,0,0,1,44,0.2,149,1,10,204,1021,7,4,12,1,1,0,2
1806,1,2,1,2,1,54,0.1,117,1,11,347,727,13,0,6,1,0,1,3
603,0,1.5,0,8,0,12,0.7,114,6,20,1003,1284,7,5,19,1,1,0,1
1834,0,2.1,0,7,1,40,0.1,99,4,11,0,1987,13,0,16,1,1,0,3
520,0,2.3,0,0,1,31,0.8,145,6,14,264,519,13,7,17,1,0,1,1
565,0,0.6,1,1,0,50,0.1,158,2,8,543,703,13,6,6,1,1,1,1
1689,1,0.5,0,11,0,9,0.5,150,5,15,467,675,8,4,3,1,0,0,2
742,1,2.3,0,0,0,21,0.7,104,8,1,875,925,11,8,7,1,0,0,0
1143,0,1.2,1,1,1,22,1,125,3,6,1116,1724,12,5,16,1,1,0,1
761,1,0.5,0,9,0,3,0.8,196,7,15,1325,1945,19,3,15,1,1,1,2
959,1,1.3,1,0,0,36,0.4,196,5,14,1313,1331,19,1,8,1,1,1,3
772,1,1.2,1,7,1,8,0.6,134,7,8,552,1802,7,6,15,1,0,0,0
1015,1,0.8,0,5,0,12,0.5,102,3,14,335,679,5,1,2,0,1,0,1
1824,1,1.9,1,9,1,2,0.7,103,1,14,50,1105,12,2,19,1,1,0,3
1130,1,0.5,1,1,1,29,0.7,130,1,14,593,1327,6,1,10,1,1,1,0
1183,1,0.5,1,3,1,48,0.1,120,8,12,268,1010,8,3,3,1,0,0,0
574,1,2,1,0,1,26,0.5,118,6,2,382,1364,8,4,2,1,0,1,0
1472,0,3,0,4,1,20,0.3,169,2,6,443,892,6,1,11,1,1,0,0
1868,1,0.5,0,2,1,40,0.9,179,8,17,576,884,8,2,17,1,1,0,0
1375,0,2.9,0,2,0,20,0.4,147,6,7,596,679,8,0,12,1,0,1,3
881,0,1,0,1,0,64,0.5,160,3,6,115,636,18,9,6,1,1,1,1
1742,1,0.5,1,5,1,43,0.9,176,3,7,356,1407,9,2,3,1,1,0,2
1225,0,0.7,1,6,0,60,0.1,107,2,15,10,1567,17,11,6,1,0,0,2
1970,1,0.5,1,0,1,15,1,132,2,0,1399,1684,15,9,20,1,1,1,2
1186,1,0.5,1,2,0,21,0.4,160,8,4,68,584,17,8,7,1,0,0,1
1762,0,0.7,0,7,0,60,0.1,157,4,10,643,790,14,5,14,1,0,0,1
1731,1,1.4,1,4,1,4,0.5,163,6,18,809,1988,5,1,4,1,1,1,3
852,0,1.8,1,5,1,8,0.8,160,5,9,683,1349,7,6,20,1,0,0,0
848,1,1.5,1,4,1,36,0.3,151,4,16,56,527,10,2,19,1,1,1,1
1575,0,2.5,1,0,1,11,0.2,185,7,20,492,818,7,3,17,1,1,0,2
1554,0,2.8,1,7,0,23,0.1,105,6,18,699,1492,13,9,20,1,0,1,2
1972,1,1.6,0,0,0,48,0.5,92,8,2,290,804,7,2,11,1,0,1,3
827,1,0.6,1,9,1,35,0.2,87,6,17,23,826,5,3,15,1,0,1,1
1063,0,1.5,0,7,0,3,0.9,155,4,10,394,849,12,10,20,1,1,0,1
1695,0,2.3,1,1,0,34,0.4,84,5,10,713,1742,17,6,14,0,0,0,3
1343,0,2.4,1,5,1,14,0.9,81,8,10,1063,1205,18,7,11,1,1,1,0
834,0,0.5,0,2,1,27,0.2,123,1,16,1421,1463,11,9,20,1,1,0,1
595,0,2.6,0,0,1,20,0.4,122,2,18,623,816,19,11,2,1,0,1,0
1081,1,1.9,1,13,1,42,0.1,101,7,17,83,816,7,4,7,1,0,0,1
911,0,1.4,1,3,0,14,0.7,199,4,4,1563,1692,16,3,11,0,1,0,3
844,0,2.2,1,1,1,22,0.9,197,7,2,777,1995,14,11,7,1,0,0,3
1335,1,3,0,3,0,60,0.8,180,2,4,83,559,5,2,9,1,0,0,3
1883,0,1.6,0,9,0,24,0.1,87,1,16,203,915,17,10,3,0,0,0,3
1128,1,0.5,1,6,0,33,0.6,147,8,7,938,1226,17,15,19,1,0,0,1
826,1,2.4,1,14,1,57,0.6,117,2,17,1077,1183,15,14,5,1,0,0,1
1650,0,2.3,0,0,1,38,0.7,89,1,1,773,881,14,10,2,1,1,1,0
1162,0,1,0,0,0,50,0.5,104,4,10,332,866,10,3,15,1,1,1,1
1517,0,2.5,0,2,1,8,0.8,169,4,18,570,1645,18,16,12,1,0,0,2
963,0,0.5,0,1,1,60,0.8,156,3,3,742,821,12,6,16,1,0,0,2
1837,0,1,1,5,1,12,0.9,103,8,6,1420,1539,8,7,20,1,0,1,3
1028,1,2.8,0,1,1,30,0.1,193,1,10,1801,1923,18,4,13,1,0,1,1
1831,1,2.2,1,4,0,55,1,189,8,9,1693,1790,14,3,10,0,1,0,1
571,1,2,1,5,1,58,0.6,101,6,11,31,1536,19,10,11,1,0,1,0
1770,1,2.3,0,0,0,9,0.6,183,6,5,1098,1373,13,10,14,1,0,1,3
970,1,1.3,1,5,0,59,0.2,84,7,19,1765,1786,12,0,12,0,0,0,3
642,1,0.5,0,0,1,38,0.8,86,5,10,887,1775,9,2,2,1,1,0,0
622,1,1.9,1,12,0,11,0.8,193,8,14,760,1964,5,0,4,1,1,1,2
600,1,1.8,0,9,1,6,0.8,199,2,15,486,1032,17,4,7,1,1,0,2
1412,0,0.6,0,9,0,57,0.2,86,3,10,2,660,15,10,18,0,0,1,1
733,0,0.8,0,7,0,16,0.4,138,4,12,202,1787,12,0,19,1,1,0,2
1070,1,3,0,9,0,19,0.8,160,7,16,90,1614,14,13,20,0,1,0,2
875,1,0.7,1,1,0,30,0.7,146,8,8,469,853,19,15,15,1,1,1,0
1994,1,0.7,0,5,0,5,0.4,189,2,7,86,1546,12,11,18,1,0,0,2
823,0,1,1,9,1,18,0.2,182,5,16,1180,1350,13,10,9,1,1,0,3
1908,0,0.5,0,9,1,30,1,111,2,19,140,1046,19,17,17,1,0,1,3
790,0,0.5,1,7,1,44,0.1,89,8,8,1100,1437,13,11,9,1,1,0,3
1330,1,1.8,1,1,0,40,0.5,177,1,5,194,892,9,4,14,1,1,1,2
1660,0,0.5,0,2,1,15,0.7,100,8,8,440,569,12,5,9,1,1,0,2
1776,0,2.2,0,2,0,20,0.9,82,6,16,1563,1803,15,10,12,0,1,1,3
1611,0,0.5,1,4,1,27,0.9,199,1,10,163,1011,15,2,6,1,0,1,2
1410,1,0.5,1,0,1,15,0.3,92,3,1,192,1311,18,4,18,1,1,0,2
1772,1,1.6,0,17,1,45,0.5,159,2,18,837,1405,6,1,17,1,1,0,1
1280,1,1.3,0,0,1,39,1,108,7,1,356,588,6,4,2,1,0,1,1
1712,1,0.9,1,2,0,23,1,155,7,19,155,663,5,0,15,1,1,0,1
1562,1,0.7,0,0,0,55,0.1,140,8,1,1032,1776,15,3,3,0,0,0,2
891,0,1.9,1,1,1,18,0.1,153,6,3,40,1435,17,16,4,1,1,1,0
1957,0,1.2,1,18,1,36,0.8,151,2,19,1194,1727,16,2,18,1,0,1,1
1110,0,0.6,0,1,0,42,0.9,192,5,2,1179,1262,12,8,18,1,1,0,0
875,1,1.4,1,1,1,43,0.6,104,8,3,902,969,14,2,18,1,0,0,3
1211,1,1.2,0,0,0,28,0.3,130,2,3,58,963,6,1,14,0,1,0,2
769,0,0.5,1,12,1,54,0.2,112,4,19,1385,1780,15,8,20,1,0,1,0
671,0,2.9,0,7,1,2,0.1,95,6,19,614,1617,13,4,2,1,0,0,2
770,1,1.5,1,6,0,61,0.2,196,4,9,603,1483,7,3,4,0,0,1,3
1559,1,1.3,1,10,1,10,0.3,114,8,17,117,681,7,5,15,1,1,1,1
1902,0,0.5,0,10,0,13,0.2,155,4,11,766,877,14,10,15,1,1,0,1
1751,0,2.5,0,1,0,4,0.6,146,8,9,1499,1952,19,14,12,0,1,1,1
1416,1,1.8,1,0,0,20,0.1,93,4,0,1175,1578,10,2,7,0,0,1,3
1288,0,0.5,1,3,1,61,0.2,115,6,6,988,1503,16,6,10,1,0,1,2
1003,1,2.9,0,16,1,16,0.6,119,8,19,190,1905,16,7,10,1,0,0,1
1715,1,0.5,1,1,1,18,0.1,96,6,3,674,1375,17,2,3,1,0,0,3
1967,0,0.5,0,0,1,46,0.6,199,1,7,518,1374,15,2,7,1,1,0,1
962,0,1,1,14,0,2,0.9,125,1,20,1618,1916,16,2,14,1,0,0,1
1487,0,1.5,0,5,1,42,0.8,120,2,7,857,989,12,4,3,1,0,0,2
1569,1,1.6,1,4,1,54,0.9,190,4,6,371,665,6,2,4,1,0,0,3
1146,0,3,0,5,1,57,0.4,111,5,10,73,583,19,9,11,1,1,1,0
1379,1,1.5,0,6,1,9,0.8,118,8,13,98,755,11,4,18,1,0,1,1
1504,0,1.9,1,7,1,25,0.3,152,4,9,395,1853,13,11,13,1,0,1,1
1945,0,1.2,0,3,0,26,0.7,112,6,5,1064,1540,18,7,20,0,0,1,3
1630,1,2.8,1,0,1,32,0.9,80,6,1,712,1726,12,10,20,1,0,1,2
1125,1,2.7,0,10,0,23,0.4,117,1,14,774,939,14,8,12,1,1,0,1
614,1,0.7,0,4,1,51,0.1,178,7,7,1012,1040,10,7,12,1,0,1,2
854,0,1,0,5,1,17,0.9,101,4,9,730,1148,7,0,2,1,0,0,2
1470,1,1.7,1,6,0,45,0.1,121,1,9,777,1090,10,1,14,1,0,1,3
1826,1,0.5,1,5,1,49,0.6,172,8,6,973,1633,17,9,17,1,1,0,2
807,1,0.5,1,0,0,37,0.2,127,4,0,245,829,5,4,4,0,0,0,1
1996,1,2.8,1,0,1,7,0.1,138,5,4,937,1083,17,14,16,1,0,0,1
1083,1,2,0,3,0,41,0.7,158,5,5,937,1164,18,3,10,0,0,1,1
1035,0,0.5,1,14,1,49,0.3,178,2,15,574,1171,12,4,19,1,0,0,3
1521,1,1.6,0,5,1,62,0.3,143,1,9,678,1630,5,2,19,1,0,0,3
1314,1,2.8,1,13,1,5,1,87,4,18,82,512,17,16,18,1,0,0,3
535,0,1.9,0,5,0,24,0.2,190,8,19,398,1775,9,3,4,0,0,0,0
673,1,1.9,0,13,1,35,0.4,142,6,14,1096,1570,18,17,4,1,0,1,3
1219,0,1.6,1,5,0,4,0.3,169,6,7,1419,1698,9,2,4,0,0,0,2
1606,1,0.5,1,0,1,33,0.9,200,5,0,157,770,11,1,2,1,0,0,3
1603,1,0.5,1,1,1,17,0.5,114,2,8,430,1207,17,3,11,1,0,1,1
1958,0,0.5,0,6,1,52,0.4,153,1,14,1524,1848,7,6,3,1,0,0,3
695,0,0.5,0,18,1,12,0.6,196,2,19,1649,1829,16,13,7,1,1,1,2
1441,0,0.6,1,0,1,53,0.5,106,1,12,254,954,9,4,4,1,1,1,1
1470,0,2.2,1,4,1,33,0.4,138,7,10,1790,1988,18,4,4,1,0,0,2
1890,0,1.1,0,4,1,48,0.5,127,4,5,1438,1832,10,4,15,1,0,1,3
1152,1,2.1,1,0,1,26,0.3,82,2,0,1304,1673,15,2,8,1,0,1,3
1619,1,0.9,0,3,0,20,0.9,117,6,9,813,1180,7,5,16,1,0,1,0
1002,1,1.8,0,1,0,45,0.7,180,7,7,948,1007,19,13,18,1,1,0,0
742,1,0.5,0,0,1,36,0.7,139,3,1,1161,1288,8,0,6,1,1,1,0
1306,1,2.1,1,2,1,33,0.4,174,3,9,867,1258,6,5,16,1,0,0,2
1424,1,2.9,1,0,0,20,0.6,180,5,0,181,1199,15,0,19,1,0,0,2
942,0,1.4,1,8,0,27,0.5,91,4,9,754,1532,6,3,13,0,1,1,0
1934,1,2.7,0,8,1,2,0.1,118,4,16,242,1127,18,1,9,1,0,1,2
1290,1,1.4,1,19,1,35,0.3,110,4,20,405,742,16,2,8,1,0,0,0
930,0,2.1,1,0,0,54,0.9,80,1,13,1569,1763,7,1,9,0,1,0,2
1699,1,0.5,0,16,0,21,0.1,156,4,20,105,1099,16,0,18,1,1,0,1
1849,1,0.5,0,1,0,29,0.5,181,7,12,978,1986,14,4,15,1,0,1,3
1922,0,0.5,0,15,1,42,0.6,153,8,16,725,1882,12,1,17,1,0,0,3
548,0,1,1,0,1,56,0.4,146,4,14,657,1657,17,14,8,1,1,1,0
916,1,0.5,0,0,1,47,0.2,82,4,1,1147,1393,11,10,11,1,1,0,1
1783,1,0.5,0,8,0,14,0.6,183,8,11,910,1566,12,7,7,0,0,1,2
1083,1,1.4,1,2,1,49,0.8,156,5,9,295,503,16,8,5,1,1,1,0
1698,0,2.8,0,10,1,7,0.8,131,8,12,26,508,15,3,17,1,1,0,2
1969,0,0.8,1,5,1,7,0.2,85,8,20,332,764,16,7,7,1,1,0,0
869,0,1.9,0,0,0,2,0.6,197,7,3,519,533,19,0,12,0,0,1,2
1337,1,2.7,1,0,0,5,0.7,200,4,1,161,1029,10,1,20,0,1,0,2
637,1,0.8,1,2,0,28,0.6,194,4,6,1080,1289,15,10,7,0,0,0,2
833,1,0.6,1,0,1,27,0.3,145,4,2,649,1290,19,8,19,1,0,1,0
1248,0,2.4,0,6,1,9,0.4,89,3,8,71,1686,9,8,13,1,1,0,2
1174,1,0.9,0,7,0,30,1,147,4,20,744,1244,17,14,16,0,1,1,0
1831,1,2.3,0,3,1,44,0.2,148,7,14,437,1113,10,5,18,1,0,0,2
1002,0,2.6,1,7,0,27,0.1,146,1,10,115,1111,18,15,17,1,0,1,0
1010,1,2,1,2,1,8,0.9,139,5,3,547,957,15,11,12,1,1,0,2
1117,1,0.5,1,2,0,21,0.1,177,2,19,495,1035,15,9,2,1,0,1,1
990,1,2.7,1,3,0,15,0.9,153,2,7,1466,1717,11,8,6,1,0,0,2
1564,0,1.4,0,5,1,26,0.1,129,6,16,117,1115,13,3,13,1,1,0,3
1065,0,2.8,1,0,1,21,0.1,158,5,3,760,1722,16,13,20,1,0,1,1
1485,1,0.9,1,0,1,28,0.8,158,5,1,371,1023,14,11,11,1,1,0,3
1339,1,0.5,1,10,1,21,0.5,80,4,11,833,1441,8,3,3,1,1,0,0
508,1,1.3,0,1,0,50,0.7,82,5,9,102,1195,14,4,14,0,0,1,1
1938,1,0.5,1,5,0,44,0.5,121,2,9,1299,1935,18,10,18,0,1,0,3
995,0,1.3,1,1,0,10,0.1,104,4,3,258,1889,11,3,5,1,0,1,0
1251,0,0.5,1,10,1,29,0.7,133,6,16,308,591,11,9,11,1,0,0,0
636,0,0.5,0,8,1,28,0.9,152,2,15,148,742,15,6,3,1,0,0,2
1354,1,0.7,1,3,1,26,0.5,136,4,6,297,918,5,1,13,1,1,0,1
930,1,0.5,1,3,1,34,0.5,190,4,16,1050,1726,7,2,6,1,0,1,2
1830,1,1,0,7,1,47,0.3,117,1,11,1191,1882,13,10,11,1,0,0,3
1424,0,0.5,1,16,1,23,0.6,80,4,18,1399,1663,14,11,16,1,1,1,1
583,1,0.9,1,1,0,51,0.9,88,8,2,1658,1794,16,9,7,0,1,0,1
648,1,0.5,1,9,1,54,0.4,109,5,20,1153,1817,5,0,13,1,0,0,3
1203,1,0.5,1,0,1,11,0.9,109,2,12,35,510,17,13,19,1,1,0,0
1777,0,2.2,1,0,0,15,0.2,100,4,7,553,874,10,8,10,1,1,0,1
1299,1,2.8,1,0,0,64,0.5,83,6,6,46,908,19,8,5,1,0,1,1
1494,0,1.9,0,2,1,47,0.4,129,2,9,207,1177,13,1,14,1,0,0,3
527,0,0.7,1,4,0,53,0.9,128,1,11,67,1924,13,7,13,0,0,0,0
793,1,2.8,1,1,1,64,0.4,179,4,2,818,1006,12,0,5,1,1,0,1
873,1,0.5,1,6,0,8,0.6,152,7,9,1257,1411,15,8,7,1,0,1,0
722,0,1.1,0,12,0,12,1,93,6,20,138,1371,13,6,3,0,0,0,1
1250,1,1.5,0,14,1,20,0.4,167,5,18,11,1020,6,5,6,1,1,1,2
1358,0,1.7,0,0,0,60,0.6,147,3,1,889,1635,14,10,13,1,0,0,0
1035,1,1.9,1,8,0,11,1,173,6,10,831,1709,17,8,5,1,1,0,1
1289,0,0.8,1,3,1,16,0.9,161,6,17,713,1854,14,8,20,1,1,0,3
1445,0,2.2,1,2,0,37,0.4,82,2,6,527,1393,17,16,17,1,1,1,3
1702,1,2.3,1,12,1,47,0.6,107,2,19,1284,1643,10,0,19,1,0,1,1
534,0,0.5,1,4,0,2,0.2,85,5,16,911,1220,5,3,18,0,1,1,2
628,1,1.8,0,5,0,60,0.2,87,6,6,1047,1534,12,7,14,0,1,0,1
713,0,1.4,1,4,0,53,0.8,98,1,17,123,1477,19,18,13,1,0,1,0
1207,0,0.5,0,0,0,58,0.3,112,8,0,406,681,7,3,5,1,1,0,0
683,1,2.1,0,7,0,30,0.1,197,7,8,927,1135,9,0,15,0,0,0,1
594,1,2.6,0,1,0,27,0.1,196,5,2,407,528,17,5,17,0,1,1,0
537,1,2,0,1,1,55,0.3,103,7,2,1041,1430,10,5,12,1,1,1,1
1565,1,0.5,0,0,0,38,0.1,121,5,1,781,1364,19,17,7,1,1,1,0
1052,0,0.9,0,1,0,6,0.8,195,4,16,1191,1839,6,1,11,0,0,1,0
713,0,1.6,0,4,1,63,0.7,89,2,8,103,1760,15,10,12,1,0,0,1
1766,1,0.5,1,1,0,16,0.6,141,5,7,125,1227,9,7,17,0,0,1,3
584,1,1.7,1,1,1,19,0.4,199,4,4,919,1343,12,9,17,1,1,1,3
1541,1,1.5,1,6,1,5,0.5,109,4,10,536,1656,7,3,4,1,1,1,1
837,0,2.4,1,1,0,51,0.2,104,5,15,638,1831,16,6,20,1,0,1,0
935,1,0.5,1,3,1,58,0.1,155,5,12,639,1087,10,4,9,1,0,1,2
665,1,0.7,0,0,1,31,0.1,185,5,2,496,1804,5,2,15,1,0,0,0
680,1,2.4,0,13,1,34,0.4,157,2,17,686,1418,15,1,4,1,1,1,3
877,0,1.5,1,0,1,17,0.1,195,7,0,1064,1985,11,8,9,1,1,1,1
1493,0,1.5,1,13,0,53,0.5,102,5,16,240,1414,19,15,20,0,1,1,2
1762,0,0.6,0,3,1,26,0.1,83,6,14,525,704,9,7,4,1,1,0,2
842,1,1.8,1,4,0,57,1,124,3,10,348,730,8,4,14,0,1,0,1
925,1,2.1,0,9,0,56,0.2,196,1,14,1262,1520,8,0,5,1,0,0,2
1692,0,2.1,0,4,1,2,0.9,106,1,17,1899,1904,9,3,7,1,1,1,3
1576,1,2.2,0,8,0,5,0.7,139,3,17,258,789,5,1,7,1,1,1,3
1065,0,1.7,1,4,1,48,0.3,162,6,8,1188,1948,8,0,12,1,0,0,0
958,1,1.6,0,9,1,60,0.4,200,1,12,730,751,10,4,19,1,0,1,0
623,1,0.8,0,6,1,26,0.3,197,7,12,484,1238,10,1,16,1,0,0,1
897,0,1.4,1,1,0,17,0.4,171,1,2,547,1852,12,3,5,0,0,1,2
1110,0,1.5,0,4,1,41,0.1,152,3,16,800,1455,16,5,16,1,0,1,2
616,1,2.2,0,3,1,21,0.8,150,7,4,347,513,17,9,19,1,0,0,2
1680,1,1.2,1,6,1,37,0.7,168,4,7,679,1231,15,3,2,1,1,0,1
1715,0,1.3,0,0,1,12,0.3,94,8,6,1224,1676,15,10,5,1,1,1,2
983,0,0.6,1,0,1,45,0.1,130,4,11,948,1205,5,3,6,1,0,1,1
720,1,0.9,1,12,1,14,0.8,165,4,14,366,1234,14,7,3,1,1,0,0
1660,0,0.6,0,2,1,24,0.8,169,2,3,223,1777,12,10,14,1,1,1,2
1564,0,1.5,1,1,0,42,0.7,108,2,2,1619,1962,7,0,7,0,1,0,3
592,0,0.8,1,1,0,52,0.9,103,7,10,332,970,5,0,4,0,0,1,0
969,0,1.8,1,2,1,44,0.6,158,3,7,167,909,9,1,8,1,0,1,0
1356,1,0.5,1,0,0,35,0.8,131,1,19,782,951,5,2,17,1,1,1,3
504,1,1,0,8,0,14,0.5,189,7,9,881,1129,15,0,10,1,1,1,0
1546,1,0.5,1,3,1,6,0.2,101,1,4,91,1317,15,11,9,1,0,0,3
689,0,2.9,1,3,1,7,0.8,147,2,6,487,722,9,0,16,1,0,0,0
1685,0,0.6,0,14,0,16,0.6,137,7,15,120,1429,6,3,17,0,1,1,0
1792,1,1,0,3,1,62,0.3,170,7,8,1626,1913,18,14,15,1,0,1,3
1786,0,1.2,0,11,0,61,0.1,123,3,14,74,865,14,11,17,0,1,0,3
1944,0,0.6,1,9,1,59,0.2,132,7,10,634,1079,19,13,3,1,0,1,0
1077,1,2.5,0,13,1,49,0.6,131,4,14,334,1079,17,11,2,1,0,1,3
648,1,1.8,0,1,1,60,0.1,195,4,4,931,1811,10,3,4,1,0,0,0
1702,1,0.5,1,8,0,2,0.6,185,6,19,921,1351,12,9,3,0,1,1,0
1571,0,2.9,0,1,0,30,0.9,150,7,3,805,956,10,9,4,0,1,1,0
856,1,1.1,1,14,1,19,0.7,125,6,19,1057,1931,17,0,10,1,0,1,0
1786,0,2.6,0,6,0,14,1,115,4,15,616,912,18,0,14,1,0,0,3
914,1,0.7,0,1,1,60,0.9,198,5,4,740,840,14,8,5,1,0,0,3
1615,1,2.8,0,3,0,9,0.9,117,1,13,542,678,8,3,3,1,1,0,2
649,1,1.4,0,4,1,19,0.8,190,7,12,344,1551,18,1,2,1,1,0,0
1646,0,2.5,0,3,1,25,0.6,200,2,5,211,1608,8,6,11,1,1,0,0
1189,1,1.9,0,5,0,7,0.5,164,2,20,79,615,13,10,11,0,1,0,0
1043,0,2.7,0,3,0,29,0.2,83,8,17,887,893,5,3,8,1,0,0,0
1920,0,0.6,1,3,1,19,0.5,131,3,8,670,1152,13,0,4,1,1,0,3
1220,1,2.8,0,1,0,54,0.7,109,7,20,383,1249,6,4,15,1,0,0,0
1748,1,0.5,1,11,1,53,0.5,114,4,20,718,1109,16,0,9,1,0,0,2
907,1,2.6,1,7,0,44,0.2,160,3,12,144,896,13,6,8,0,0,0,3
1193,1,2.3,0,7,0,20,1,158,7,13,1442,1904,7,5,2,1,0,0,2
1766,1,0.5,1,1,1,22,0.8,122,8,4,291,1318,7,5,16,1,0,0,3
1602,0,1.6,1,0,1,35,0.1,99,7,7,1325,1800,18,17,13,1,0,0,2
732,1,1.3,0,5,1,32,0.4,163,8,7,1661,1836,12,2,5,1,0,1,3
1854,0,0.9,1,0,1,33,0.4,195,1,0,665,718,14,12,9,1,0,1,1
718,1,1.6,1,1,1,30,0.4,93,3,12,662,997,10,9,12,1,1,1,1
897,1,2,0,3,1,2,0.6,154,8,10,0,994,7,5,7,1,1,0,1
1405,0,1.7,0,0,0,8,0.3,107,4,7,284,1036,19,6,11,0,1,0,2
798,0,0.6,1,6,1,21,0.5,110,2,12,661,1951,12,2,3,1,0,0,1
1035,1,2.7,0,1,0,40,0.2,157,5,15,757,1912,14,4,5,0,1,1,3
1396,1,0.6,0,0,0,37,0.7,134,4,15,560,1177,18,3,19,0,0,1,2
1749,1,0.5,1,7,1,49,0.8,178,1,8,470,775,5,4,4,1,0,1,2
1588,1,2.5,0,12,1,4,0.3,148,5,20,146,822,5,3,11,1,0,0,2
1600,0,0.5,0,1,1,16,0.3,94,4,16,1315,1710,9,5,4,1,1,0,2
1522,0,2.2,0,4,0,21,0.7,162,6,11,533,1696,15,9,16,0,0,1,3
1279,1,2.5,0,5,1,7,0.5,105,6,6,560,1633,7,2,7,1,0,0,1
719,0,2.9,0,7,0,6,0.7,102,6,8,405,1141,9,1,2,1,0,0,0
544,1,0.5,1,2,1,7,0.2,129,5,15,227,610,13,4,17,1,1,0,0
1007,1,2.9,1,5,1,21,0.8,185,8,12,479,831,8,6,12,1,1,0,0
590,1,1.2,1,0,0,32,0.4,141,6,1,227,509,10,0,6,0,1,0,0
1788,0,0.5,0,0,1,6,0.2,141,6,16,149,1022,7,5,20,1,1,0,2
748,0,1.4,0,0,0,25,1,110,7,14,88,709,17,5,13,0,1,1,1
757,1,0.9,1,4,0,64,0.5,157,7,5,114,819,6,5,10,1,1,0,2
1561,1,1.6,1,1,1,27,0.8,174,3,10,662,874,12,7,3,1,1,0,1
1327,0,2.8,0,10,0,23,0.5,89,7,16,441,1721,7,5,4,1,1,1,0
797,1,1.5,1,4,0,18,0.6,81,8,20,888,1466,9,3,14,1,1,1,1
727,1,2.5,1,0,1,64,0.2,193,1,9,664,711,9,1,16,1,1,0,3
686,1,2.7,1,0,0,36,0.1,194,4,1,64,745,10,0,13,0,0,0,0
1515,1,2.1,1,4,1,24,0.9,176,5,6,747,1247,6,5,20,1,0,0,3
555,1,0.5,1,2,0,17,0.2,163,5,12,956,1010,19,14,3,0,1,1,0
1589,0,0.6,0,0,0,5,0.8,112,5,2,776,1397,7,5,19,1,1,1,3
1976,1,2.6,1,6,0,45,1,136,4,19,652,1933,11,1,3,0,0,0,3
1884,0,1,1,3,0,24,0.5,149,6,4,1168,1179,15,8,9,1,1,1,1
1063,0,2,0,0,0,27,0.2,86,6,7,201,582,12,5,19,0,0,0,2
672,1,0.6,1,13,0,61,0.1,194,5,20,724,1127,14,10,20,1,0,1,0
635,1,0.5,0,9,0,16,1,110,7,17,599,1299,19,17,8,1,0,0,2
1906,1,1.9,1,3,0,55,0.2,113,3,4,3,629,13,5,4,1,0,1,1
1753,0,0.7,0,4,0,40,0.6,191,4,11,1652,1983,8,2,15,1,1,1,1
659,0,1.4,1,2,1,3,0.1,85,8,6,190,657,10,1,14,1,0,1,0
1583,0,1.2,1,0,0,14,0.2,148,2,4,1171,1673,13,6,8,0,0,1,2
1783,0,2.9,1,2,0,42,0.7,104,6,8,1081,1979,14,5,3,0,1,0,1
1667,0,1,1,0,1,21,0.9,138,2,0,1211,1396,17,7,15,1,0,0,0
640,0,1.3,1,5,1,6,0.6,143,8,20,976,1353,15,7,8,1,1,0,2
1913,1,1.8,0,0,0,29,0.6,111,5,4,675,742,17,13,8,1,1,0,2
538,0,1.1,1,0,1,25,0.3,163,7,7,455,537,9,3,17,1,1,1,1
1191,0,0.8,0,6,1,46,0.8,89,6,9,42,807,19,18,7,1,0,0,0
816,0,3,1,2,0,9,0.1,117,1,3,1196,1651,10,3,14,1,0,1,3
915,1,0.5,1,9,1,33,0.3,199,2,16,503,986,7,3,13,1,1,0,1
1157,1,0.8,0,7,0,27,0.1,88,8,8,1694,1798,8,4,2,1,0,1,3
1201,1,0.5,0,2,0,10,1,99,7,7,306,558,15,6,14,1,1,1,0
1379,0,1.1,1,1,1,18,0.2,129,2,16,838,885,10,5,15,1,1,0,2
1483,1,2.2,0,3,1,53,0.7,169,5,11,291,651,6,3,10,1,0,0,1
618,1,1,0,9,1,13,0.1,80,4,15,591,724,15,12,7,1,1,0,0
1617,1,2.4,0,8,1,36,0.8,85,1,9,743,1426,5,3,7,1,0,0,0
1882,0,2,0,11,1,44,0.8,113,8,19,4,743,19,8,20,1,1,0,3
674,1,2.9,1,1,0,21,0.2,198,3,4,576,1809,6,3,4,1,1,1,0
1467,1,0.5,0,0,0,18,0.6,122,5,0,888,1099,15,11,5,1,1,1,3
858,0,2.2,0,1,0,50,0.1,84,1,2,528,1416,17,16,3,1,1,0,3
794,1,0.5,1,0,1,2,0.8,106,6,14,1222,1890,13,4,19,1,1,0,0
1965,1,2.6,1,0,0,39,0.2,187,4,3,915,1965,11,10,16,1,1,1,2
1911,0,0.9,1,1,1,36,0.7,108,8,3,868,1632,9,1,5,1,1,0,3
1512,0,0.9,0,4,1,46,0.1,145,5,5,336,670,18,10,19,1,1,1,0
510,1,2,1,5,1,45,0.9,168,6,16,483,754,19,4,2,1,1,1,3
577,0,2.4,0,8,1,37,0.9,161,6,20,1087,1450,11,7,19,1,1,1,0
